Dataset,Replicate,Method,Iteration,SPFN,SPFP
16S.3,R0,clustalo,-1,0.3179,0.3209
16S.3,R0,mafft,-1,0.1988,0.1941
16S.3,R0,magus_clustalo-iter1,1,0.0715,0.1268
16S.3,R0,magus_clustalo-iter2,2,0.0755,0.1292
16S.3,R0,magus_clustalo-iter3,3,0.0727,0.1327
16S.3,R0,magus_clustalo-iter4,4,0.0736,0.1327
16S.3,R0,magus_default-iter1,1,0.0746,0.1325
16S.3,R0,magus_magus-iter1,1,0.0740,0.1313
16S.3,R0,magus_magus-iter2,2,0.0769,0.1296
16S.3,R0,magus_magus-iter3,3,0.0768,0.1305
16S.3,R0,magus_magus-iter4,4,0.0728,0.1323
16S.3,R0,muscle,-1,0.0680,0.1403
16S.3,R0,pasta-iter3,-1,0.0708,0.1414
16S.B.ALL,R0,clustalo,-1,0.4890,0.3586
16S.B.ALL,R0,mafft,-1,0.1628,0.0921
16S.B.ALL,R0,magus_clustalo-iter1,1,0.0433,0.0435
16S.B.ALL,R0,magus_clustalo-iter2,2,0.0413,0.0423
16S.B.ALL,R0,magus_clustalo-iter3,3,0.0417,0.0414
16S.B.ALL,R0,magus_clustalo-iter4,4,0.0419,0.0427
16S.B.ALL,R0,magus_default-iter1,1,0.0419,0.0395
16S.B.ALL,R0,magus_magus-iter1,1,0.0417,0.0424
16S.B.ALL,R0,magus_magus-iter2,2,0.0423,0.0415
16S.B.ALL,R0,magus_magus-iter3,3,0.0431,0.0453
16S.B.ALL,R0,magus_magus-iter4,4,0.0428,0.0414
16S.B.ALL,R0,pasta-iter3,-1,0.0488,0.0472
16S.M,R0,clustalo,-1,0.2724,0.2758
16S.M,R0,mafft,-1,0.1626,0.1411
16S.M,R0,magus_clustalo-iter1,1,0.1196,0.1338
16S.M,R0,magus_clustalo-iter2,2,0.1200,0.1360
16S.M,R0,magus_clustalo-iter3,3,0.1205,0.1358
16S.M,R0,magus_clustalo-iter4,4,0.1216,0.1371
16S.M,R0,magus_default-iter1,1,0.1264,0.1390
16S.M,R0,magus_magus-iter1,1,0.1215,0.1340
16S.M,R0,magus_magus-iter2,2,0.1211,0.1357
16S.M,R0,magus_magus-iter3,3,0.1210,0.1350
16S.M,R0,magus_magus-iter4,4,0.1205,0.1364
16S.M,R0,muscle,-1,0.1211,0.1418
16S.M,R0,pasta-iter3,-1,0.1244,0.1412
16S.T,R0,clustalo,-1,0.3691,0.3114
16S.T,R0,mafft,-1,0.1994,0.1876
16S.T,R0,magus_clustalo-iter1,1,0.0847,0.1167
16S.T,R0,magus_clustalo-iter2,2,0.0756,0.1245
16S.T,R0,magus_clustalo-iter3,3,0.0787,0.1183
16S.T,R0,magus_clustalo-iter4,4,0.0764,0.1230
16S.T,R0,magus_default-iter1,1,0.0763,0.1243
16S.T,R0,magus_magus-iter1,1,0.0777,0.1277
16S.T,R0,magus_magus-iter2,2,0.0752,0.1262
16S.T,R0,magus_magus-iter3,3,0.0752,0.1200
16S.T,R0,magus_magus-iter4,4,0.0788,0.1252
16S.T,R0,muscle,-1,0.0686,0.1335
16S.T,R0,pasta-iter3,-1,0.0997,0.1565
RNASim-1000,R0,clustalo,-1,0.3049,0.1630
RNASim-1000,R0,mafft,-1,0.2826,0.1572
RNASim-1000,R0,magus_clustalo-iter1,1,0.1018,0.1010
RNASim-1000,R0,magus_clustalo-iter2,2,0.0980,0.0956
RNASim-1000,R0,magus_clustalo-iter3,3,0.0947,0.0937
RNASim-1000,R0,magus_clustalo-iter4,4,0.0925,0.0904
RNASim-1000,R0,magus_default-iter1,1,0.0992,0.0968
RNASim-1000,R0,magus_magus-iter1,1,0.0972,0.0956
RNASim-1000,R0,magus_magus-iter2,2,0.0949,0.0927
RNASim-1000,R0,magus_magus-iter3,3,0.0960,0.0932
RNASim-1000,R0,magus_magus-iter4,4,0.0934,0.0917
RNASim-1000,R0,muscle,-1,0.0912,0.0934
RNASim-1000,R0,pasta-iter3,-1,0.0971,0.0985
RNASim-1000,R1,clustalo,-1,0.2992,0.1617
RNASim-1000,R1,mafft,-1,0.2892,0.1671
RNASim-1000,R1,magus_clustalo-iter1,1,0.0965,0.0950
RNASim-1000,R1,magus_clustalo-iter2,2,0.0923,0.0894
RNASim-1000,R1,magus_clustalo-iter3,3,0.0909,0.0887
RNASim-1000,R1,magus_clustalo-iter4,4,0.0913,0.0885
RNASim-1000,R1,magus_default-iter1,1,0.0937,0.0919
RNASim-1000,R1,magus_magus-iter1,1,0.0943,0.0900
RNASim-1000,R1,magus_magus-iter2,2,0.0902,0.0871
RNASim-1000,R1,magus_magus-iter3,3,0.0928,0.0895
RNASim-1000,R1,magus_magus-iter4,4,0.0923,0.0880
RNASim-1000,R1,muscle,-1,0.0838,0.0862
RNASim-1000,R1,pasta-iter3,-1,0.0881,0.0890
RNASim-1000,R2,clustalo,-1,0.3105,0.1693
RNASim-1000,R2,mafft,-1,0.2876,0.1662
RNASim-1000,R2,magus_clustalo-iter1,1,0.1009,0.0999
RNASim-1000,R2,magus_clustalo-iter2,2,0.1001,0.0986
RNASim-1000,R2,magus_clustalo-iter3,3,0.1000,0.0983
RNASim-1000,R2,magus_clustalo-iter4,4,0.0993,0.0951
RNASim-1000,R2,magus_default-iter1,1,0.1016,0.0980
RNASim-1000,R2,magus_magus-iter1,1,0.0982,0.0955
RNASim-1000,R2,magus_magus-iter2,2,0.1021,0.0962
RNASim-1000,R2,magus_magus-iter3,3,0.0947,0.0947
RNASim-1000,R2,magus_magus-iter4,4,0.0992,0.0972
RNASim-1000,R2,muscle,-1,0.0896,0.0919
RNASim-1000,R2,pasta-iter3,-1,0.0950,0.0959
RNASim-1000,R3,clustalo,-1,0.2920,0.1583
RNASim-1000,R3,mafft,-1,0.2923,0.1640
RNASim-1000,R3,magus_clustalo-iter1,1,0.1056,0.1037
RNASim-1000,R3,magus_clustalo-iter2,2,0.1015,0.0990
RNASim-1000,R3,magus_clustalo-iter3,3,0.1014,0.0999
RNASim-1000,R3,magus_clustalo-iter4,4,0.1027,0.1019
RNASim-1000,R3,magus_default-iter1,1,0.1016,0.0995
RNASim-1000,R3,magus_magus-iter1,1,0.1022,0.0994
RNASim-1000,R3,magus_magus-iter2,2,0.1021,0.0992
RNASim-1000,R3,magus_magus-iter3,3,0.1018,0.1004
RNASim-1000,R3,magus_magus-iter4,4,0.0997,0.0966
RNASim-1000,R3,muscle,-1,0.0875,0.0901
RNASim-1000,R3,pasta-iter3,-1,0.1008,0.1014
RNASim-1000,R4,clustalo,-1,0.3151,0.1708
RNASim-1000,R4,mafft,-1,0.2938,0.1721
RNASim-1000,R4,magus_clustalo-iter1,1,0.1072,0.1034
RNASim-1000,R4,magus_clustalo-iter2,2,0.1002,0.0970
RNASim-1000,R4,magus_clustalo-iter3,3,0.0967,0.0946
RNASim-1000,R4,magus_clustalo-iter4,4,0.0963,0.0939
RNASim-1000,R4,magus_default-iter1,1,0.0997,0.0968
RNASim-1000,R4,magus_magus-iter1,1,0.1043,0.1019
RNASim-1000,R4,magus_magus-iter2,2,0.1000,0.0976
RNASim-1000,R4,magus_magus-iter3,3,0.1001,0.0990
RNASim-1000,R4,magus_magus-iter4,4,0.1014,0.1001
RNASim-1000,R4,muscle,-1,0.0857,0.0882
RNASim-1000,R4,pasta-iter3,-1,0.1026,0.1034
RNASim-1000,R5,clustalo,-1,0.2989,0.1578
RNASim-1000,R5,mafft,-1,0.2815,0.1576
RNASim-1000,R5,magus_clustalo-iter1,1,0.0959,0.0931
RNASim-1000,R5,magus_clustalo-iter2,2,0.0901,0.0880
RNASim-1000,R5,magus_clustalo-iter3,3,0.0943,0.0914
RNASim-1000,R5,magus_clustalo-iter4,4,0.0920,0.0895
RNASim-1000,R5,magus_default-iter1,1,0.0925,0.0898
RNASim-1000,R5,magus_magus-iter1,1,0.0891,0.0871
RNASim-1000,R5,magus_magus-iter2,2,0.0907,0.0881
RNASim-1000,R5,magus_magus-iter3,3,0.0870,0.0851
RNASim-1000,R5,magus_magus-iter4,4,0.0900,0.0893
RNASim-1000,R5,muscle,-1,0.0857,0.0877
RNASim-1000,R5,pasta-iter3,-1,0.0948,0.0961
RNASim-1000,R6,clustalo,-1,0.3085,0.1710
RNASim-1000,R6,mafft,-1,0.2926,0.1668
RNASim-1000,R6,magus_clustalo-iter1,1,0.1027,0.1019
RNASim-1000,R6,magus_clustalo-iter2,2,0.0976,0.0940
RNASim-1000,R6,magus_clustalo-iter3,3,0.0942,0.0921
RNASim-1000,R6,magus_clustalo-iter4,4,0.0935,0.0918
RNASim-1000,R6,magus_default-iter1,1,0.0977,0.0936
RNASim-1000,R6,magus_magus-iter1,1,0.0993,0.0957
RNASim-1000,R6,magus_magus-iter2,2,0.0946,0.0919
RNASim-1000,R6,magus_magus-iter3,3,0.0957,0.0934
RNASim-1000,R6,magus_magus-iter4,4,0.0964,0.0937
RNASim-1000,R6,muscle,-1,0.0909,0.0937
RNASim-1000,R6,pasta-iter3,-1,0.0938,0.0946
RNASim-1000,R7,clustalo,-1,0.3014,0.1656
RNASim-1000,R7,mafft,-1,0.2840,0.1626
RNASim-1000,R7,magus_clustalo-iter1,1,0.1035,0.1009
RNASim-1000,R7,magus_clustalo-iter2,2,0.0973,0.0944
RNASim-1000,R7,magus_clustalo-iter3,3,0.0978,0.0964
RNASim-1000,R7,magus_clustalo-iter4,4,0.0978,0.0954
RNASim-1000,R7,magus_default-iter1,1,0.1017,0.0993
RNASim-1000,R7,magus_magus-iter1,1,0.0995,0.0970
RNASim-1000,R7,magus_magus-iter2,2,0.0977,0.0946
RNASim-1000,R7,magus_magus-iter3,3,0.0984,0.0953
RNASim-1000,R7,magus_magus-iter4,4,0.0988,0.0960
RNASim-1000,R7,muscle,-1,0.0886,0.0913
RNASim-1000,R7,pasta-iter3,-1,0.0925,0.0936
RNASim-1000,R8,clustalo,-1,0.3027,0.1637
RNASim-1000,R8,mafft,-1,0.2926,0.1692
RNASim-1000,R8,magus_clustalo-iter1,1,0.0997,0.0973
RNASim-1000,R8,magus_clustalo-iter2,2,0.0942,0.0925
RNASim-1000,R8,magus_clustalo-iter3,3,0.0980,0.0964
RNASim-1000,R8,magus_clustalo-iter4,4,0.0970,0.0932
RNASim-1000,R8,magus_default-iter1,1,0.0969,0.0942
RNASim-1000,R8,magus_magus-iter1,1,0.0969,0.0934
RNASim-1000,R8,magus_magus-iter2,2,0.0944,0.0931
RNASim-1000,R8,magus_magus-iter3,3,0.0926,0.0903
RNASim-1000,R8,magus_magus-iter4,4,0.0959,0.0937
RNASim-1000,R8,muscle,-1,0.0867,0.0892
RNASim-1000,R8,pasta-iter3,-1,0.0954,0.0960
RNASim-1000,R9,clustalo,-1,0.2945,0.1603
RNASim-1000,R9,mafft,-1,0.2893,0.1635
RNASim-1000,R9,magus_clustalo-iter1,1,0.0958,0.0942
RNASim-1000,R9,magus_clustalo-iter2,2,0.0930,0.0910
RNASim-1000,R9,magus_clustalo-iter3,3,0.0938,0.0922
RNASim-1000,R9,magus_clustalo-iter4,4,0.0929,0.0913
RNASim-1000,R9,magus_default-iter1,1,0.0909,0.0877
RNASim-1000,R9,magus_magus-iter1,1,0.0904,0.0889
RNASim-1000,R9,magus_magus-iter2,2,0.0950,0.0936
RNASim-1000,R9,magus_magus-iter3,3,0.0940,0.0926
RNASim-1000,R9,magus_magus-iter4,4,0.0916,0.0914
RNASim-1000,R9,muscle,-1,0.0834,0.0858
RNASim-1000,R9,pasta-iter3,-1,0.1000,0.1011
RNASim-10000,R0,clustalo,-1,0.4944,0.2165
RNASim-10000,R0,mafft,-1,0.3694,0.1786
RNASim-10000,R0,magus_clustalo-iter1,1,0.0915,0.0861
RNASim-10000,R0,magus_clustalo-iter2,2,0.0897,0.0867
RNASim-10000,R0,magus_clustalo-iter3,3,0.0863,0.0818
RNASim-10000,R0,magus_clustalo-iter4,4,0.0869,0.0834
RNASim-10000,R0,magus_default-iter1,1,0.0851,0.0805
RNASim-10000,R0,magus_magus-iter1,1,0.0915,0.0862
RNASim-10000,R0,magus_magus-iter2,2,0.0869,0.0819
RNASim-10000,R0,magus_magus-iter3,3,0.0860,0.0822
RNASim-10000,R0,magus_magus-iter4,4,0.0887,0.0856
RNASim-10000,R0,muscle,-1,0.0817,0.0839
RNASim-10000,R0,pasta-iter3,-1,0.1017,0.1027
RNASim-10000,R1,clustalo,-1,0.5006,0.2148
RNASim-10000,R1,mafft,-1,0.3724,0.1816
RNASim-10000,R1,magus_clustalo-iter1,1,0.0911,0.0867
RNASim-10000,R1,magus_clustalo-iter2,2,0.0850,0.0824
RNASim-10000,R1,magus_clustalo-iter3,3,0.0916,0.0877
RNASim-10000,R1,magus_clustalo-iter4,4,0.0908,0.0866
RNASim-10000,R1,magus_default-iter1,1,0.0872,0.0827
RNASim-10000,R1,magus_magus-iter1,1,0.0882,0.0836
RNASim-10000,R1,magus_magus-iter2,2,0.0849,0.0823
RNASim-10000,R1,magus_magus-iter3,3,0.0889,0.0843
RNASim-10000,R1,magus_magus-iter4,4,0.0855,0.0829
RNASim-10000,R1,muscle,-1,0.0802,0.0826
RNASim-10000,R1,pasta-iter3,-1,0.0786,0.0790
RNASim-10000,R2,clustalo,-1,0.4906,0.2083
RNASim-10000,R2,mafft,-1,0.3733,0.1823
RNASim-10000,R2,magus_clustalo-iter1,1,0.0933,0.0897
RNASim-10000,R2,magus_clustalo-iter2,2,0.0896,0.0849
RNASim-10000,R2,magus_clustalo-iter3,3,0.0892,0.0852
RNASim-10000,R2,magus_clustalo-iter4,4,0.0904,0.0847
RNASim-10000,R2,magus_default-iter1,1,0.0856,0.0827
RNASim-10000,R2,magus_magus-iter1,1,0.0878,0.0835
RNASim-10000,R2,magus_magus-iter2,2,0.0914,0.0872
RNASim-10000,R2,magus_magus-iter3,3,0.0879,0.0845
RNASim-10000,R2,magus_magus-iter4,4,0.0916,0.0870
RNASim-10000,R2,muscle,-1,0.0808,0.0830
RNASim-10000,R2,pasta-iter3,-1,0.1050,0.1047
RNASim-10000,R3,clustalo,-1,0.4898,0.2094
RNASim-10000,R3,mafft,-1,0.3709,0.1805
RNASim-10000,R3,magus_clustalo-iter1,1,0.0991,0.0934
RNASim-10000,R3,magus_clustalo-iter2,2,0.0860,0.0836
RNASim-10000,R3,magus_clustalo-iter3,3,0.0885,0.0846
RNASim-10000,R3,magus_clustalo-iter4,4,0.0877,0.0856
RNASim-10000,R3,magus_default-iter1,1,0.0883,0.0841
RNASim-10000,R3,magus_magus-iter1,1,0.0866,0.0841
RNASim-10000,R3,magus_magus-iter2,2,0.0871,0.0820
RNASim-10000,R3,magus_magus-iter3,3,0.0866,0.0843
RNASim-10000,R3,magus_magus-iter4,4,0.0915,0.0874
RNASim-10000,R3,muscle,-1,0.0806,0.0827
RNASim-10000,R3,pasta-iter3,-1,0.1000,0.1020
RNASim-10000,R4,clustalo,-1,0.4916,0.2118
RNASim-10000,R4,mafft,-1,0.3746,0.1786
RNASim-10000,R4,magus_clustalo-iter1,1,0.0962,0.0919
RNASim-10000,R4,magus_clustalo-iter2,2,0.0879,0.0858
RNASim-10000,R4,magus_clustalo-iter3,3,0.0910,0.0883
RNASim-10000,R4,magus_clustalo-iter4,4,0.0927,0.0888
RNASim-10000,R4,magus_default-iter1,1,0.0905,0.0868
RNASim-10000,R4,magus_magus-iter1,1,0.0917,0.0863
RNASim-10000,R4,magus_magus-iter2,2,0.0889,0.0847
RNASim-10000,R4,magus_magus-iter3,3,0.0919,0.0886
RNASim-10000,R4,magus_magus-iter4,4,0.0902,0.0864
RNASim-10000,R4,muscle,-1,0.0833,0.0855
RNASim-10000,R4,pasta-iter3,-1,0.0862,0.0858
RNASim-10000,R5,clustalo,-1,0.4772,0.2080
RNASim-10000,R5,mafft,-1,0.3694,0.1802
RNASim-10000,R5,magus_clustalo-iter1,1,0.0927,0.0886
RNASim-10000,R5,magus_clustalo-iter2,2,0.0876,0.0843
RNASim-10000,R5,magus_clustalo-iter3,3,0.0895,0.0866
RNASim-10000,R5,magus_clustalo-iter4,4,0.0870,0.0832
RNASim-10000,R5,magus_default-iter1,1,0.0850,0.0818
RNASim-10000,R5,magus_magus-iter1,1,0.0889,0.0855
RNASim-10000,R5,magus_magus-iter2,2,0.0860,0.0839
RNASim-10000,R5,magus_magus-iter3,3,0.0900,0.0853
RNASim-10000,R5,magus_magus-iter4,4,0.0902,0.0872
RNASim-10000,R5,muscle,-1,0.0796,0.0818
RNASim-10000,R5,pasta-iter3,-1,0.1071,0.1066
RNASim-10000,R6,clustalo,-1,0.4947,0.2207
RNASim-10000,R6,mafft,-1,0.3741,0.1824
RNASim-10000,R6,magus_clustalo-iter1,1,0.0944,0.0913
RNASim-10000,R6,magus_clustalo-iter2,2,0.0906,0.0871
RNASim-10000,R6,magus_clustalo-iter3,3,0.0916,0.0866
RNASim-10000,R6,magus_clustalo-iter4,4,0.0904,0.0855
RNASim-10000,R6,magus_default-iter1,1,0.0899,0.0865
RNASim-10000,R6,magus_magus-iter1,1,0.0881,0.0846
RNASim-10000,R6,magus_magus-iter2,2,0.0915,0.0876
RNASim-10000,R6,magus_magus-iter3,3,0.0882,0.0844
RNASim-10000,R6,magus_magus-iter4,4,0.0926,0.0895
RNASim-10000,R6,muscle,-1,0.0732,0.0754
RNASim-10000,R6,pasta-iter3,-1,0.1220,0.1184
RNASim-10000,R7,clustalo,-1,0.4753,0.2048
RNASim-10000,R7,mafft,-1,0.3689,0.1777
RNASim-10000,R7,magus_clustalo-iter1,1,0.0939,0.0889
RNASim-10000,R7,magus_clustalo-iter2,2,0.0883,0.0850
RNASim-10000,R7,magus_clustalo-iter3,3,0.0894,0.0869
RNASim-10000,R7,magus_clustalo-iter4,4,0.0880,0.0831
RNASim-10000,R7,magus_default-iter1,1,0.0856,0.0815
RNASim-10000,R7,magus_magus-iter1,1,0.0883,0.0861
RNASim-10000,R7,magus_magus-iter2,2,0.0892,0.0857
RNASim-10000,R7,magus_magus-iter3,3,0.0884,0.0853
RNASim-10000,R7,magus_magus-iter4,4,0.0908,0.0870
RNASim-10000,R7,muscle,-1,0.0824,0.0849
RNASim-10000,R7,pasta-iter3,-1,0.1109,0.1095
RNASim-10000,R8,clustalo,-1,0.5003,0.2196
RNASim-10000,R8,mafft,-1,0.3730,0.1818
RNASim-10000,R8,magus_clustalo-iter1,1,0.0954,0.0900
RNASim-10000,R8,magus_clustalo-iter2,2,0.0900,0.0864
RNASim-10000,R8,magus_clustalo-iter3,3,0.0897,0.0830
RNASim-10000,R8,magus_clustalo-iter4,4,0.0898,0.0859
RNASim-10000,R8,magus_default-iter1,1,0.0881,0.0848
RNASim-10000,R8,magus_magus-iter1,1,0.0886,0.0860
RNASim-10000,R8,magus_magus-iter2,2,0.0880,0.0841
RNASim-10000,R8,magus_magus-iter3,3,0.0888,0.0850
RNASim-10000,R8,magus_magus-iter4,4,0.0915,0.0877
RNASim-10000,R8,muscle,-1,0.0733,0.0756
RNASim-10000,R8,pasta-iter3,-1,0.1118,0.1089
RNASim-10000,R9,clustalo,-1,0.4792,0.2010
RNASim-10000,R9,mafft,-1,0.3741,0.1806
RNASim-10000,R9,magus_clustalo-iter1,1,0.0920,0.0884
RNASim-10000,R9,magus_clustalo-iter2,2,0.0878,0.0840
RNASim-10000,R9,magus_clustalo-iter3,3,0.0895,0.0860
RNASim-10000,R9,magus_clustalo-iter4,4,0.0867,0.0837
RNASim-10000,R9,magus_default-iter1,1,0.0874,0.0834
RNASim-10000,R9,magus_magus-iter1,1,0.0869,0.0837
RNASim-10000,R9,magus_magus-iter2,2,0.0886,0.0830
RNASim-10000,R9,magus_magus-iter3,3,0.0869,0.0844
RNASim-10000,R9,magus_magus-iter4,4,0.0897,0.0848
RNASim-10000,R9,muscle,-1,0.0825,0.0848
RNASim-10000,R9,pasta-iter3,-1,0.0949,0.0965
ROSE-1000L1,R0,clustalo,-1,0.9460,0.9048
ROSE-1000L1,R0,mafft,-1,0.9942,0.9859
ROSE-1000L1,R0,magus_clustalo-iter1,1,0.2171,0.1995
ROSE-1000L1,R0,magus_clustalo-iter2,2,0.1091,0.1046
ROSE-1000L1,R0,magus_clustalo-iter3,3,0.0894,0.0817
ROSE-1000L1,R0,magus_clustalo-iter4,4,0.0931,0.0807
ROSE-1000L1,R0,magus_default-iter1,1,0.0984,0.0907
ROSE-1000L1,R0,magus_magus-iter1,1,0.1038,0.0929
ROSE-1000L1,R0,magus_magus-iter2,2,0.0992,0.0925
ROSE-1000L1,R0,magus_magus-iter3,3,0.0912,0.0856
ROSE-1000L1,R0,magus_magus-iter4,4,0.0927,0.0847
ROSE-1000L1,R0,muscle,-1,0.1414,0.1345
ROSE-1000L1,R0,pasta-iter3,-1,0.1018,0.0984
ROSE-1000L1,R1,clustalo,-1,0.9230,0.8359
ROSE-1000L1,R1,mafft,-1,0.9962,0.9905
ROSE-1000L1,R1,magus_clustalo-iter1,1,0.1983,0.1838
ROSE-1000L1,R1,magus_clustalo-iter2,2,0.0622,0.0588
ROSE-1000L1,R1,magus_clustalo-iter3,3,0.0565,0.0527
ROSE-1000L1,R1,magus_clustalo-iter4,4,0.0573,0.0524
ROSE-1000L1,R1,magus_default-iter1,1,0.0554,0.0486
ROSE-1000L1,R1,magus_magus-iter1,1,0.0641,0.0593
ROSE-1000L1,R1,magus_magus-iter2,2,0.0629,0.0593
ROSE-1000L1,R1,magus_magus-iter3,3,0.0591,0.0567
ROSE-1000L1,R1,magus_magus-iter4,4,0.0593,0.0559
ROSE-1000L1,R1,muscle,-1,0.1536,0.1427
ROSE-1000L1,R1,pasta-iter3,-1,0.0797,0.0793
ROSE-1000L1,R2,clustalo,-1,0.9378,0.8881
ROSE-1000L1,R2,mafft,-1,0.9963,0.9907
ROSE-1000L1,R2,magus_clustalo-iter1,1,0.2279,0.2071
ROSE-1000L1,R2,magus_clustalo-iter2,2,0.0664,0.0620
ROSE-1000L1,R2,magus_clustalo-iter3,3,0.0522,0.0498
ROSE-1000L1,R2,magus_clustalo-iter4,4,0.0426,0.0400
ROSE-1000L1,R2,magus_default-iter1,1,0.0417,0.0382
ROSE-1000L1,R2,magus_magus-iter1,1,0.0428,0.0412
ROSE-1000L1,R2,magus_magus-iter2,2,0.0510,0.0390
ROSE-1000L1,R2,magus_magus-iter3,3,0.0450,0.0404
ROSE-1000L1,R2,magus_magus-iter4,4,0.0531,0.0452
ROSE-1000L1,R2,muscle,-1,0.1285,0.1185
ROSE-1000L1,R2,pasta-iter3,-1,0.0509,0.0500
ROSE-1000L1,R3,clustalo,-1,0.9605,0.9224
ROSE-1000L1,R3,mafft,-1,0.9954,0.9882
ROSE-1000L1,R3,magus_clustalo-iter1,1,0.3094,0.2746
ROSE-1000L1,R3,magus_clustalo-iter2,2,0.1063,0.0963
ROSE-1000L1,R3,magus_clustalo-iter3,3,0.0923,0.0868
ROSE-1000L1,R3,magus_clustalo-iter4,4,0.0943,0.0866
ROSE-1000L1,R3,magus_default-iter1,1,0.0952,0.0843
ROSE-1000L1,R3,magus_magus-iter1,1,0.0815,0.0767
ROSE-1000L1,R3,magus_magus-iter2,2,0.0791,0.0738
ROSE-1000L1,R3,magus_magus-iter3,3,0.0763,0.0727
ROSE-1000L1,R3,magus_magus-iter4,4,0.0804,0.0752
ROSE-1000L1,R3,muscle,-1,0.2221,0.2054
ROSE-1000L1,R3,pasta-iter3,-1,0.1708,0.1685
ROSE-1000L1,R4,clustalo,-1,0.9245,0.8628
ROSE-1000L1,R4,mafft,-1,0.9954,0.9884
ROSE-1000L1,R4,magus_clustalo-iter1,1,0.2181,0.1954
ROSE-1000L1,R4,magus_clustalo-iter2,2,0.0630,0.0600
ROSE-1000L1,R4,magus_clustalo-iter3,3,0.0611,0.0565
ROSE-1000L1,R4,magus_clustalo-iter4,4,0.0587,0.0555
ROSE-1000L1,R4,magus_default-iter1,1,0.0617,0.0550
ROSE-1000L1,R4,magus_magus-iter1,1,0.0605,0.0575
ROSE-1000L1,R4,magus_magus-iter2,2,0.0561,0.0527
ROSE-1000L1,R4,magus_magus-iter3,3,0.0585,0.0561
ROSE-1000L1,R4,magus_magus-iter4,4,0.0571,0.0553
ROSE-1000L1,R4,muscle,-1,0.1299,0.1210
ROSE-1000L1,R4,pasta-iter3,-1,0.0648,0.0628
ROSE-1000L1,R5,clustalo,-1,0.9150,0.8824
ROSE-1000L1,R5,mafft,-1,0.9959,0.9896
ROSE-1000L1,R5,magus_clustalo-iter1,1,0.1473,0.1369
ROSE-1000L1,R5,magus_clustalo-iter2,2,0.0612,0.0588
ROSE-1000L1,R5,magus_clustalo-iter3,3,0.0502,0.0493
ROSE-1000L1,R5,magus_clustalo-iter4,4,0.0409,0.0405
ROSE-1000L1,R5,magus_default-iter1,1,0.0428,0.0407
ROSE-1000L1,R5,magus_magus-iter1,1,0.0312,0.0303
ROSE-1000L1,R5,magus_magus-iter2,2,0.0442,0.0419
ROSE-1000L1,R5,magus_magus-iter3,3,0.0438,0.0424
ROSE-1000L1,R5,magus_magus-iter4,4,0.0432,0.0407
ROSE-1000L1,R5,muscle,-1,0.0939,0.0883
ROSE-1000L1,R5,pasta-iter3,-1,0.0558,0.0539
ROSE-1000L1,R6,clustalo,-1,0.9454,0.9107
ROSE-1000L1,R6,mafft,-1,0.9968,0.9917
ROSE-1000L1,R6,magus_clustalo-iter1,1,0.2696,0.2451
ROSE-1000L1,R6,magus_clustalo-iter2,2,0.1259,0.1158
ROSE-1000L1,R6,magus_clustalo-iter3,3,0.1049,0.0941
ROSE-1000L1,R6,magus_clustalo-iter4,4,0.0950,0.0905
ROSE-1000L1,R6,magus_default-iter1,1,0.1050,0.0942
ROSE-1000L1,R6,magus_magus-iter1,1,0.0786,0.0707
ROSE-1000L1,R6,magus_magus-iter2,2,0.0820,0.0770
ROSE-1000L1,R6,magus_magus-iter3,3,0.0847,0.0800
ROSE-1000L1,R6,magus_magus-iter4,4,0.0864,0.0834
ROSE-1000L1,R6,muscle,-1,0.1922,0.1798
ROSE-1000L1,R6,pasta-iter3,-1,0.1508,0.1478
ROSE-1000L1,R7,clustalo,-1,0.9068,0.8566
ROSE-1000L1,R7,mafft,-1,0.9950,0.9879
ROSE-1000L1,R7,magus_clustalo-iter1,1,0.1363,0.1242
ROSE-1000L1,R7,magus_clustalo-iter2,2,0.0730,0.0668
ROSE-1000L1,R7,magus_clustalo-iter3,3,0.0695,0.0597
ROSE-1000L1,R7,magus_clustalo-iter4,4,0.0626,0.0564
ROSE-1000L1,R7,magus_default-iter1,1,0.0672,0.0626
ROSE-1000L1,R7,magus_magus-iter1,1,0.0685,0.0652
ROSE-1000L1,R7,magus_magus-iter2,2,0.0824,0.0765
ROSE-1000L1,R7,magus_magus-iter3,3,0.0647,0.0575
ROSE-1000L1,R7,magus_magus-iter4,4,0.0688,0.0657
ROSE-1000L1,R7,muscle,-1,0.0994,0.0934
ROSE-1000L1,R7,pasta-iter3,-1,0.0983,0.0973
ROSE-1000L1,R8,clustalo,-1,0.9689,0.9061
ROSE-1000L1,R8,mafft,-1,0.9954,0.9885
ROSE-1000L1,R8,magus_clustalo-iter1,1,0.3075,0.2775
ROSE-1000L1,R8,magus_clustalo-iter2,2,0.1149,0.1080
ROSE-1000L1,R8,magus_clustalo-iter3,3,0.1026,0.0961
ROSE-1000L1,R8,magus_clustalo-iter4,4,0.0941,0.0902
ROSE-1000L1,R8,magus_default-iter1,1,0.0870,0.0799
ROSE-1000L1,R8,magus_magus-iter1,1,0.0967,0.0898
ROSE-1000L1,R8,magus_magus-iter2,2,0.0907,0.0843
ROSE-1000L1,R8,magus_magus-iter3,3,0.0928,0.0871
ROSE-1000L1,R8,magus_magus-iter4,4,0.0877,0.0828
ROSE-1000L1,R8,muscle,-1,0.1976,0.1846
ROSE-1000L1,R8,pasta-iter3,-1,0.1416,0.1386
ROSE-1000L1,R9,clustalo,-1,0.9638,0.9301
ROSE-1000L1,R9,mafft,-1,0.9960,0.9901
ROSE-1000L1,R9,magus_clustalo-iter1,1,0.1630,0.1531
ROSE-1000L1,R9,magus_clustalo-iter2,2,0.0575,0.0551
ROSE-1000L1,R9,magus_clustalo-iter3,3,0.0589,0.0558
ROSE-1000L1,R9,magus_clustalo-iter4,4,0.0512,0.0506
ROSE-1000L1,R9,magus_default-iter1,1,0.0575,0.0556
ROSE-1000L1,R9,magus_magus-iter1,1,0.0556,0.0535
ROSE-1000L1,R9,magus_magus-iter2,2,0.0552,0.0533
ROSE-1000L1,R9,magus_magus-iter3,3,0.0501,0.0487
ROSE-1000L1,R9,magus_magus-iter4,4,0.0515,0.0504
ROSE-1000L1,R9,muscle,-1,0.1228,0.1150
ROSE-1000L1,R9,pasta-iter3,-1,0.0588,0.0578
ROSE-1000L2,R0,clustalo,-1,0.9550,0.9052
ROSE-1000L2,R0,mafft,-1,0.9963,0.9904
ROSE-1000L2,R0,magus_clustalo-iter1,1,0.2053,0.1840
ROSE-1000L2,R0,magus_clustalo-iter2,2,0.0494,0.0438
ROSE-1000L2,R0,magus_clustalo-iter3,3,0.0351,0.0339
ROSE-1000L2,R0,magus_clustalo-iter4,4,0.0413,0.0339
ROSE-1000L2,R0,magus_default-iter1,1,0.0471,0.0370
ROSE-1000L2,R0,magus_magus-iter1,1,0.0426,0.0312
ROSE-1000L2,R0,magus_magus-iter2,2,0.0417,0.0369
ROSE-1000L2,R0,magus_magus-iter3,3,0.0399,0.0353
ROSE-1000L2,R0,magus_magus-iter4,4,0.0479,0.0343
ROSE-1000L2,R0,muscle,-1,0.1553,0.1455
ROSE-1000L2,R0,pasta-iter3,-1,0.0368,0.0362
ROSE-1000L2,R1,clustalo,-1,0.6972,0.6368
ROSE-1000L2,R1,mafft,-1,0.9923,0.9813
ROSE-1000L2,R1,magus_clustalo-iter1,1,0.0694,0.0644
ROSE-1000L2,R1,magus_clustalo-iter2,2,0.0273,0.0266
ROSE-1000L2,R1,magus_clustalo-iter3,3,0.0261,0.0248
ROSE-1000L2,R1,magus_clustalo-iter4,4,0.0245,0.0224
ROSE-1000L2,R1,magus_default-iter1,1,0.0237,0.0223
ROSE-1000L2,R1,magus_magus-iter1,1,0.0174,0.0162
ROSE-1000L2,R1,magus_magus-iter2,2,0.0226,0.0216
ROSE-1000L2,R1,magus_magus-iter3,3,0.0147,0.0137
ROSE-1000L2,R1,magus_magus-iter4,4,0.0202,0.0185
ROSE-1000L2,R1,muscle,-1,0.0771,0.0714
ROSE-1000L2,R1,pasta-iter3,-1,0.0206,0.0205
ROSE-1000L2,R2,clustalo,-1,0.9698,0.9276
ROSE-1000L2,R2,mafft,-1,0.9971,0.9926
ROSE-1000L2,R2,magus_clustalo-iter1,1,0.3636,0.3172
ROSE-1000L2,R2,magus_clustalo-iter2,2,0.0783,0.0729
ROSE-1000L2,R2,magus_clustalo-iter3,3,0.0609,0.0585
ROSE-1000L2,R2,magus_clustalo-iter4,4,0.0525,0.0504
ROSE-1000L2,R2,magus_default-iter1,1,0.0598,0.0564
ROSE-1000L2,R2,magus_magus-iter1,1,0.0571,0.0538
ROSE-1000L2,R2,magus_magus-iter2,2,0.0502,0.0472
ROSE-1000L2,R2,magus_magus-iter3,3,0.0538,0.0511
ROSE-1000L2,R2,magus_magus-iter4,4,0.0519,0.0498
ROSE-1000L2,R2,muscle,-1,0.3065,0.2781
ROSE-1000L2,R2,pasta-iter3,-1,0.0631,0.0604
ROSE-1000L2,R3,clustalo,-1,0.8738,0.8154
ROSE-1000L2,R3,mafft,-1,0.9952,0.9885
ROSE-1000L2,R3,magus_clustalo-iter1,1,0.0840,0.0774
ROSE-1000L2,R3,magus_clustalo-iter2,2,0.0310,0.0250
ROSE-1000L2,R3,magus_clustalo-iter3,3,0.0296,0.0288
ROSE-1000L2,R3,magus_clustalo-iter4,4,0.0335,0.0328
ROSE-1000L2,R3,magus_default-iter1,1,0.0340,0.0326
ROSE-1000L2,R3,magus_magus-iter1,1,0.0298,0.0294
ROSE-1000L2,R3,magus_magus-iter2,2,0.0354,0.0330
ROSE-1000L2,R3,magus_magus-iter3,3,0.0285,0.0278
ROSE-1000L2,R3,magus_magus-iter4,4,0.0304,0.0292
ROSE-1000L2,R3,muscle,-1,0.0942,0.0874
ROSE-1000L2,R3,pasta-iter3,-1,0.0211,0.0211
ROSE-1000L2,R4,clustalo,-1,0.9445,0.9003
ROSE-1000L2,R4,mafft,-1,0.9965,0.9912
ROSE-1000L2,R4,magus_clustalo-iter1,1,0.1158,0.1100
ROSE-1000L2,R4,magus_clustalo-iter2,2,0.0368,0.0366
ROSE-1000L2,R4,magus_clustalo-iter3,3,0.0381,0.0377
ROSE-1000L2,R4,magus_clustalo-iter4,4,0.0269,0.0265
ROSE-1000L2,R4,magus_default-iter1,1,0.0296,0.0277
ROSE-1000L2,R4,magus_magus-iter1,1,0.0333,0.0327
ROSE-1000L2,R4,magus_magus-iter2,2,0.0357,0.0345
ROSE-1000L2,R4,magus_magus-iter3,3,0.0284,0.0282
ROSE-1000L2,R4,magus_magus-iter4,4,0.0326,0.0322
ROSE-1000L2,R4,muscle,-1,0.1010,0.0944
ROSE-1000L2,R4,pasta-iter3,-1,0.0418,0.0418
ROSE-1000L2,R5,clustalo,-1,0.8772,0.8183
ROSE-1000L2,R5,mafft,-1,0.9961,0.9900
ROSE-1000L2,R5,magus_clustalo-iter1,1,0.1454,0.1323
ROSE-1000L2,R5,magus_clustalo-iter2,2,0.0338,0.0334
ROSE-1000L2,R5,magus_clustalo-iter3,3,0.0369,0.0338
ROSE-1000L2,R5,magus_clustalo-iter4,4,0.0380,0.0351
ROSE-1000L2,R5,magus_default-iter1,1,0.0525,0.0482
ROSE-1000L2,R5,magus_magus-iter1,1,0.0395,0.0381
ROSE-1000L2,R5,magus_magus-iter2,2,0.0286,0.0281
ROSE-1000L2,R5,magus_magus-iter3,3,0.0362,0.0343
ROSE-1000L2,R5,magus_magus-iter4,4,0.0321,0.0315
ROSE-1000L2,R5,muscle,-1,0.1733,0.1610
ROSE-1000L2,R5,pasta-iter3,-1,0.0389,0.0384
ROSE-1000L2,R6,clustalo,-1,0.7089,0.6581
ROSE-1000L2,R6,mafft,-1,0.9917,0.9796
ROSE-1000L2,R6,magus_clustalo-iter1,1,0.0446,0.0402
ROSE-1000L2,R6,magus_clustalo-iter2,2,0.0176,0.0165
ROSE-1000L2,R6,magus_clustalo-iter3,3,0.0163,0.0159
ROSE-1000L2,R6,magus_clustalo-iter4,4,0.0205,0.0183
ROSE-1000L2,R6,magus_default-iter1,1,0.0231,0.0223
ROSE-1000L2,R6,magus_magus-iter1,1,0.0272,0.0243
ROSE-1000L2,R6,magus_magus-iter2,2,0.0207,0.0169
ROSE-1000L2,R6,magus_magus-iter3,3,0.0151,0.0139
ROSE-1000L2,R6,magus_magus-iter4,4,0.0197,0.0194
ROSE-1000L2,R6,muscle,-1,0.0836,0.0783
ROSE-1000L2,R6,pasta-iter3,-1,0.0178,0.0174
ROSE-1000L2,R7,clustalo,-1,0.8091,0.7647
ROSE-1000L2,R7,mafft,-1,0.9935,0.9837
ROSE-1000L2,R7,magus_clustalo-iter1,1,0.0515,0.0485
ROSE-1000L2,R7,magus_clustalo-iter2,2,0.0164,0.0162
ROSE-1000L2,R7,magus_clustalo-iter3,3,0.0148,0.0147
ROSE-1000L2,R7,magus_clustalo-iter4,4,0.0129,0.0128
ROSE-1000L2,R7,magus_default-iter1,1,0.0143,0.0141
ROSE-1000L2,R7,magus_magus-iter1,1,0.0128,0.0126
ROSE-1000L2,R7,magus_magus-iter2,2,0.0153,0.0152
ROSE-1000L2,R7,magus_magus-iter3,3,0.0136,0.0135
ROSE-1000L2,R7,magus_magus-iter4,4,0.0157,0.0156
ROSE-1000L2,R7,muscle,-1,0.0745,0.0693
ROSE-1000L2,R7,pasta-iter3,-1,0.0167,0.0167
ROSE-1000L2,R8,clustalo,-1,0.7392,0.6280
ROSE-1000L2,R8,mafft,-1,0.9922,0.9808
ROSE-1000L2,R8,magus_clustalo-iter1,1,0.0521,0.0479
ROSE-1000L2,R8,magus_clustalo-iter2,2,0.0178,0.0175
ROSE-1000L2,R8,magus_clustalo-iter3,3,0.0162,0.0161
ROSE-1000L2,R8,magus_clustalo-iter4,4,0.0210,0.0209
ROSE-1000L2,R8,magus_default-iter1,1,0.0177,0.0171
ROSE-1000L2,R8,magus_magus-iter1,1,0.0133,0.0132
ROSE-1000L2,R8,magus_magus-iter2,2,0.0169,0.0168
ROSE-1000L2,R8,magus_magus-iter3,3,0.0162,0.0158
ROSE-1000L2,R8,magus_magus-iter4,4,0.0174,0.0165
ROSE-1000L2,R8,muscle,-1,0.0537,0.0509
ROSE-1000L2,R8,pasta-iter3,-1,0.0163,0.0161
ROSE-1000L2,R9,clustalo,-1,0.8859,0.8535
ROSE-1000L2,R9,mafft,-1,0.9947,0.9870
ROSE-1000L2,R9,magus_clustalo-iter1,1,0.0865,0.0809
ROSE-1000L2,R9,magus_clustalo-iter2,2,0.0242,0.0241
ROSE-1000L2,R9,magus_clustalo-iter3,3,0.0256,0.0251
ROSE-1000L2,R9,magus_clustalo-iter4,4,0.0277,0.0273
ROSE-1000L2,R9,magus_default-iter1,1,0.0276,0.0269
ROSE-1000L2,R9,magus_magus-iter1,1,0.0229,0.0228
ROSE-1000L2,R9,magus_magus-iter2,2,0.0252,0.0248
ROSE-1000L2,R9,magus_magus-iter3,3,0.0261,0.0258
ROSE-1000L2,R9,magus_magus-iter4,4,0.0233,0.0222
ROSE-1000L2,R9,muscle,-1,0.1312,0.1202
ROSE-1000L2,R9,pasta-iter3,-1,0.0300,0.0298
ROSE-1000L3,R0,clustalo,-1,0.9494,0.8895
ROSE-1000L3,R0,mafft,-1,0.9957,0.9894
ROSE-1000L3,R0,magus_clustalo-iter1,1,0.3344,0.2985
ROSE-1000L3,R0,magus_clustalo-iter2,2,0.1567,0.1265
ROSE-1000L3,R0,magus_clustalo-iter3,3,0.1440,0.1040
ROSE-1000L3,R0,magus_clustalo-iter4,4,0.1422,0.1107
ROSE-1000L3,R0,magus_default-iter1,1,0.1346,0.1000
ROSE-1000L3,R0,magus_magus-iter1,1,0.1278,0.1073
ROSE-1000L3,R0,magus_magus-iter2,2,0.1138,0.1031
ROSE-1000L3,R0,magus_magus-iter3,3,0.1508,0.1155
ROSE-1000L3,R0,magus_magus-iter4,4,0.1274,0.0989
ROSE-1000L3,R0,muscle,-1,0.1607,0.1558
ROSE-1000L3,R0,pasta-iter3,-1,0.1591,0.1566
ROSE-1000L3,R1,clustalo,-1,0.8908,0.8491
ROSE-1000L3,R1,mafft,-1,0.9932,0.9838
ROSE-1000L3,R1,magus_clustalo-iter1,1,0.2188,0.1989
ROSE-1000L3,R1,magus_clustalo-iter2,2,0.1070,0.0954
ROSE-1000L3,R1,magus_clustalo-iter3,3,0.0933,0.0884
ROSE-1000L3,R1,magus_clustalo-iter4,4,0.0984,0.0893
ROSE-1000L3,R1,magus_default-iter1,1,0.0959,0.0811
ROSE-1000L3,R1,magus_magus-iter1,1,0.1049,0.0932
ROSE-1000L3,R1,magus_magus-iter2,2,0.0929,0.0850
ROSE-1000L3,R1,magus_magus-iter3,3,0.0988,0.0870
ROSE-1000L3,R1,magus_magus-iter4,4,0.0982,0.0840
ROSE-1000L3,R1,muscle,-1,0.1125,0.1084
ROSE-1000L3,R1,pasta-iter3,-1,0.1100,0.1039
ROSE-1000L3,R2,clustalo,-1,0.9430,0.9169
ROSE-1000L3,R2,mafft,-1,0.9953,0.9886
ROSE-1000L3,R2,magus_clustalo-iter1,1,0.2873,0.2556
ROSE-1000L3,R2,magus_clustalo-iter2,2,0.1251,0.1151
ROSE-1000L3,R2,magus_clustalo-iter3,3,0.1396,0.1161
ROSE-1000L3,R2,magus_clustalo-iter4,4,0.1247,0.1155
ROSE-1000L3,R2,magus_default-iter1,1,0.0935,0.0824
ROSE-1000L3,R2,magus_magus-iter1,1,0.1159,0.1015
ROSE-1000L3,R2,magus_magus-iter2,2,0.1020,0.0958
ROSE-1000L3,R2,magus_magus-iter3,3,0.1078,0.0968
ROSE-1000L3,R2,magus_magus-iter4,4,0.1034,0.0953
ROSE-1000L3,R2,muscle,-1,0.1441,0.1374
ROSE-1000L3,R2,pasta-iter3,-1,0.1906,0.1840
ROSE-1000L3,R3,clustalo,-1,0.8888,0.8566
ROSE-1000L3,R3,mafft,-1,0.9907,0.9781
ROSE-1000L3,R3,magus_clustalo-iter1,1,0.2168,0.2014
ROSE-1000L3,R3,magus_clustalo-iter2,2,0.0870,0.0836
ROSE-1000L3,R3,magus_clustalo-iter3,3,0.0928,0.0884
ROSE-1000L3,R3,magus_clustalo-iter4,4,0.0832,0.0793
ROSE-1000L3,R3,magus_default-iter1,1,0.0846,0.0811
ROSE-1000L3,R3,magus_magus-iter1,1,0.0863,0.0842
ROSE-1000L3,R3,magus_magus-iter2,2,0.0793,0.0776
ROSE-1000L3,R3,magus_magus-iter3,3,0.0828,0.0807
ROSE-1000L3,R3,magus_magus-iter4,4,0.0855,0.0827
ROSE-1000L3,R3,muscle,-1,0.1024,0.0994
ROSE-1000L3,R3,pasta-iter3,-1,0.1212,0.1180
ROSE-1000L3,R4,clustalo,-1,0.9506,0.8944
ROSE-1000L3,R4,mafft,-1,0.9949,0.9876
ROSE-1000L3,R4,magus_clustalo-iter1,1,0.3577,0.3163
ROSE-1000L3,R4,magus_clustalo-iter2,2,0.1705,0.1529
ROSE-1000L3,R4,magus_clustalo-iter3,3,0.1785,0.1569
ROSE-1000L3,R4,magus_clustalo-iter4,4,0.1722,0.1451
ROSE-1000L3,R4,magus_default-iter1,1,0.1612,0.1304
ROSE-1000L3,R4,magus_magus-iter1,1,0.1464,0.1373
ROSE-1000L3,R4,magus_magus-iter2,2,0.1550,0.1358
ROSE-1000L3,R4,magus_magus-iter3,3,0.1462,0.1219
ROSE-1000L3,R4,magus_magus-iter4,4,0.1501,0.1252
ROSE-1000L3,R4,muscle,-1,0.1823,0.1750
ROSE-1000L3,R4,pasta-iter3,-1,0.2579,0.2521
ROSE-1000L3,R5,clustalo,-1,0.9254,0.8414
ROSE-1000L3,R5,mafft,-1,0.9960,0.9901
ROSE-1000L3,R5,magus_clustalo-iter1,1,0.4347,0.3777
ROSE-1000L3,R5,magus_clustalo-iter2,2,0.2106,0.1738
ROSE-1000L3,R5,magus_clustalo-iter3,3,0.1652,0.1327
ROSE-1000L3,R5,magus_clustalo-iter4,4,0.1618,0.1269
ROSE-1000L3,R5,magus_default-iter1,1,0.1904,0.1539
ROSE-1000L3,R5,magus_magus-iter1,1,0.1631,0.1329
ROSE-1000L3,R5,magus_magus-iter2,2,0.1613,0.1343
ROSE-1000L3,R5,magus_magus-iter3,3,0.1470,0.1214
ROSE-1000L3,R5,magus_magus-iter4,4,0.1650,0.1406
ROSE-1000L3,R5,muscle,-1,0.2051,0.1949
ROSE-1000L3,R5,pasta-iter3,-1,0.1748,0.1677
ROSE-1000L3,R6,clustalo,-1,0.9347,0.8921
ROSE-1000L3,R6,mafft,-1,0.9908,0.9784
ROSE-1000L3,R6,magus_clustalo-iter1,1,0.3260,0.2927
ROSE-1000L3,R6,magus_clustalo-iter2,2,0.1680,0.1459
ROSE-1000L3,R6,magus_clustalo-iter3,3,0.1724,0.1458
ROSE-1000L3,R6,magus_clustalo-iter4,4,0.1580,0.1400
ROSE-1000L3,R6,magus_default-iter1,1,0.1562,0.1363
ROSE-1000L3,R6,magus_magus-iter1,1,0.1366,0.1274
ROSE-1000L3,R6,magus_magus-iter2,2,0.1223,0.1142
ROSE-1000L3,R6,magus_magus-iter3,3,0.1341,0.1222
ROSE-1000L3,R6,magus_magus-iter4,4,0.1431,0.1217
ROSE-1000L3,R6,muscle,-1,0.1256,0.1217
ROSE-1000L3,R6,pasta-iter3,-1,0.2199,0.2193
ROSE-1000L3,R7,clustalo,-1,0.8987,0.8523
ROSE-1000L3,R7,mafft,-1,0.9902,0.9764
ROSE-1000L3,R7,magus_clustalo-iter1,1,0.2509,0.2285
ROSE-1000L3,R7,magus_clustalo-iter2,2,0.1049,0.1021
ROSE-1000L3,R7,magus_clustalo-iter3,3,0.1067,0.1024
ROSE-1000L3,R7,magus_clustalo-iter4,4,0.0992,0.0960
ROSE-1000L3,R7,magus_default-iter1,1,0.1116,0.1056
ROSE-1000L3,R7,magus_magus-iter1,1,0.1047,0.0997
ROSE-1000L3,R7,magus_magus-iter2,2,0.0975,0.0944
ROSE-1000L3,R7,magus_magus-iter3,3,0.0953,0.0914
ROSE-1000L3,R7,magus_magus-iter4,4,0.0965,0.0939
ROSE-1000L3,R7,muscle,-1,0.1359,0.1306
ROSE-1000L3,R7,pasta-iter3,-1,0.1637,0.1626
ROSE-1000L3,R8,clustalo,-1,0.9587,0.8948
ROSE-1000L3,R8,mafft,-1,0.9965,0.9912
ROSE-1000L3,R8,magus_clustalo-iter1,1,0.3775,0.3457
ROSE-1000L3,R8,magus_clustalo-iter2,2,0.1702,0.1549
ROSE-1000L3,R8,magus_clustalo-iter3,3,0.1565,0.1453
ROSE-1000L3,R8,magus_clustalo-iter4,4,0.1340,0.1227
ROSE-1000L3,R8,magus_default-iter1,1,0.1465,0.1234
ROSE-1000L3,R8,magus_magus-iter1,1,0.1365,0.1296
ROSE-1000L3,R8,magus_magus-iter2,2,0.1429,0.1286
ROSE-1000L3,R8,magus_magus-iter3,3,0.1413,0.1262
ROSE-1000L3,R8,magus_magus-iter4,4,0.1309,0.1177
ROSE-1000L3,R8,muscle,-1,0.1635,0.1560
ROSE-1000L3,R8,pasta-iter3,-1,0.1848,0.1786
ROSE-1000L3,R9,clustalo,-1,0.8123,0.7730
ROSE-1000L3,R9,mafft,-1,0.9922,0.9817
ROSE-1000L3,R9,magus_clustalo-iter1,1,0.2711,0.2449
ROSE-1000L3,R9,magus_clustalo-iter2,2,0.1743,0.1486
ROSE-1000L3,R9,magus_clustalo-iter3,3,0.1304,0.1156
ROSE-1000L3,R9,magus_clustalo-iter4,4,0.1314,0.1147
ROSE-1000L3,R9,magus_default-iter1,1,0.1670,0.1283
ROSE-1000L3,R9,magus_magus-iter1,1,0.1600,0.1283
ROSE-1000L3,R9,magus_magus-iter2,2,0.1420,0.1096
ROSE-1000L3,R9,magus_magus-iter3,3,0.1569,0.1374
ROSE-1000L3,R9,magus_magus-iter4,4,0.1722,0.1434
ROSE-1000L3,R9,muscle,-1,0.1556,0.1523
ROSE-1000L3,R9,pasta-iter3,-1,0.2258,0.2213
ROSE-1000M2,R0,clustalo,-1,0.9313,0.8918
ROSE-1000M2,R0,mafft,-1,0.9940,0.9858
ROSE-1000M2,R0,magus_clustalo-iter1,1,0.2289,0.2099
ROSE-1000M2,R0,magus_clustalo-iter2,2,0.1084,0.0840
ROSE-1000M2,R0,magus_clustalo-iter3,3,0.1157,0.0888
ROSE-1000M2,R0,magus_clustalo-iter4,4,0.1010,0.0899
ROSE-1000M2,R0,magus_default-iter1,1,0.1118,0.0916
ROSE-1000M2,R0,magus_magus-iter1,1,0.0906,0.0775
ROSE-1000M2,R0,magus_magus-iter2,2,0.1083,0.0870
ROSE-1000M2,R0,magus_magus-iter3,3,0.0993,0.0877
ROSE-1000M2,R0,magus_magus-iter4,4,0.1037,0.0887
ROSE-1000M2,R0,muscle,-1,0.1249,0.1205
ROSE-1000M2,R0,pasta-iter3,-1,0.1261,0.1250
ROSE-1000M2,R1,clustalo,-1,0.9155,0.8864
ROSE-1000M2,R1,mafft,-1,0.9933,0.9837
ROSE-1000M2,R1,magus_clustalo-iter1,1,0.2635,0.2400
ROSE-1000M2,R1,magus_clustalo-iter2,2,0.1504,0.1421
ROSE-1000M2,R1,magus_clustalo-iter3,3,0.1469,0.1387
ROSE-1000M2,R1,magus_clustalo-iter4,4,0.1297,0.1242
ROSE-1000M2,R1,magus_default-iter1,1,0.1160,0.1119
ROSE-1000M2,R1,magus_magus-iter1,1,0.1167,0.1100
ROSE-1000M2,R1,magus_magus-iter2,2,0.1220,0.1163
ROSE-1000M2,R1,magus_magus-iter3,3,0.1140,0.1087
ROSE-1000M2,R1,magus_magus-iter4,4,0.1213,0.1067
ROSE-1000M2,R1,muscle,-1,0.1441,0.1404
ROSE-1000M2,R1,pasta-iter3,-1,0.1701,0.1652
ROSE-1000M2,R2,clustalo,-1,0.9229,0.9011
ROSE-1000M2,R2,mafft,-1,0.9914,0.9791
ROSE-1000M2,R2,magus_clustalo-iter1,1,0.2433,0.2233
ROSE-1000M2,R2,magus_clustalo-iter2,2,0.1140,0.1086
ROSE-1000M2,R2,magus_clustalo-iter3,3,0.1065,0.1024
ROSE-1000M2,R2,magus_clustalo-iter4,4,0.1058,0.0972
ROSE-1000M2,R2,magus_default-iter1,1,0.0892,0.0857
ROSE-1000M2,R2,magus_magus-iter1,1,0.0939,0.0879
ROSE-1000M2,R2,magus_magus-iter2,2,0.1037,0.0956
ROSE-1000M2,R2,magus_magus-iter3,3,0.1039,0.0976
ROSE-1000M2,R2,magus_magus-iter4,4,0.1010,0.0944
ROSE-1000M2,R2,muscle,-1,0.1211,0.1187
ROSE-1000M2,R2,pasta-iter3,-1,0.1350,0.1289
ROSE-1000M2,R3,clustalo,-1,0.9272,0.9006
ROSE-1000M2,R3,mafft,-1,0.9894,0.9752
ROSE-1000M2,R3,magus_clustalo-iter1,1,0.1678,0.1614
ROSE-1000M2,R3,magus_clustalo-iter2,2,0.0861,0.0819
ROSE-1000M2,R3,magus_clustalo-iter3,3,0.0862,0.0827
ROSE-1000M2,R3,magus_clustalo-iter4,4,0.0848,0.0803
ROSE-1000M2,R3,magus_default-iter1,1,0.0818,0.0780
ROSE-1000M2,R3,magus_magus-iter1,1,0.0901,0.0863
ROSE-1000M2,R3,magus_magus-iter2,2,0.0844,0.0812
ROSE-1000M2,R3,magus_magus-iter3,3,0.0859,0.0806
ROSE-1000M2,R3,magus_magus-iter4,4,0.0855,0.0828
ROSE-1000M2,R3,muscle,-1,0.1027,0.0985
ROSE-1000M2,R3,pasta-iter3,-1,0.1135,0.1107
ROSE-1000M2,R4,clustalo,-1,0.6399,0.5739
ROSE-1000M2,R4,mafft,-1,0.9810,0.9562
ROSE-1000M2,R4,magus_clustalo-iter1,1,0.1300,0.1188
ROSE-1000M2,R4,magus_clustalo-iter2,2,0.0734,0.0671
ROSE-1000M2,R4,magus_clustalo-iter3,3,0.0722,0.0662
ROSE-1000M2,R4,magus_clustalo-iter4,4,0.0724,0.0671
ROSE-1000M2,R4,magus_default-iter1,1,0.0616,0.0574
ROSE-1000M2,R4,magus_magus-iter1,1,0.0697,0.0654
ROSE-1000M2,R4,magus_magus-iter2,2,0.0666,0.0619
ROSE-1000M2,R4,magus_magus-iter3,3,0.0688,0.0642
ROSE-1000M2,R4,magus_magus-iter4,4,0.0635,0.0572
ROSE-1000M2,R4,muscle,-1,0.0830,0.0805
ROSE-1000M2,R4,pasta-iter3,-1,0.0965,0.0940
ROSE-1000M2,R5,clustalo,-1,0.9009,0.8641
ROSE-1000M2,R5,mafft,-1,0.9925,0.9824
ROSE-1000M2,R5,magus_clustalo-iter1,1,0.2205,0.2088
ROSE-1000M2,R5,magus_clustalo-iter2,2,0.1077,0.1039
ROSE-1000M2,R5,magus_clustalo-iter3,3,0.1103,0.1066
ROSE-1000M2,R5,magus_clustalo-iter4,4,0.1194,0.1157
ROSE-1000M2,R5,magus_default-iter1,1,0.0953,0.0930
ROSE-1000M2,R5,magus_magus-iter1,1,0.1201,0.1145
ROSE-1000M2,R5,magus_magus-iter2,2,0.1181,0.1128
ROSE-1000M2,R5,magus_magus-iter3,3,0.1197,0.1147
ROSE-1000M2,R5,magus_magus-iter4,4,0.1211,0.1154
ROSE-1000M2,R5,muscle,-1,0.1329,0.1293
ROSE-1000M2,R5,pasta-iter3,-1,0.1209,0.1171
ROSE-1000M2,R6,clustalo,-1,0.4478,0.3849
ROSE-1000M2,R6,mafft,-1,0.9405,0.8701
ROSE-1000M2,R6,magus_clustalo-iter1,1,0.1151,0.1085
ROSE-1000M2,R6,magus_clustalo-iter2,2,0.0701,0.0670
ROSE-1000M2,R6,magus_clustalo-iter3,3,0.0763,0.0734
ROSE-1000M2,R6,magus_clustalo-iter4,4,0.0721,0.0690
ROSE-1000M2,R6,magus_default-iter1,1,0.0602,0.0580
ROSE-1000M2,R6,magus_magus-iter1,1,0.0695,0.0670
ROSE-1000M2,R6,magus_magus-iter2,2,0.0715,0.0674
ROSE-1000M2,R6,magus_magus-iter3,3,0.0705,0.0673
ROSE-1000M2,R6,magus_magus-iter4,4,0.0751,0.0727
ROSE-1000M2,R6,muscle,-1,0.0698,0.0682
ROSE-1000M2,R6,pasta-iter3,-1,0.0860,0.0846
ROSE-1000M2,R7,clustalo,-1,0.6997,0.6336
ROSE-1000M2,R7,mafft,-1,0.9714,0.9371
ROSE-1000M2,R7,magus_clustalo-iter1,1,0.1872,0.1636
ROSE-1000M2,R7,magus_clustalo-iter2,2,0.1223,0.1068
ROSE-1000M2,R7,magus_clustalo-iter3,3,0.1192,0.0955
ROSE-1000M2,R7,magus_clustalo-iter4,4,0.1114,0.0955
ROSE-1000M2,R7,magus_default-iter1,1,0.1119,0.0798
ROSE-1000M2,R7,magus_magus-iter1,1,0.0956,0.0837
ROSE-1000M2,R7,magus_magus-iter2,2,0.1028,0.0846
ROSE-1000M2,R7,magus_magus-iter3,3,0.0949,0.0790
ROSE-1000M2,R7,magus_magus-iter4,4,0.1058,0.0935
ROSE-1000M2,R7,muscle,-1,0.0856,0.0847
ROSE-1000M2,R7,pasta-iter3,-1,0.1755,0.1730
ROSE-1000M2,R8,clustalo,-1,0.8584,0.8197
ROSE-1000M2,R8,mafft,-1,0.9949,0.9876
ROSE-1000M2,R8,magus_clustalo-iter1,1,0.2239,0.2052
ROSE-1000M2,R8,magus_clustalo-iter2,2,0.1037,0.0994
ROSE-1000M2,R8,magus_clustalo-iter3,3,0.0927,0.0909
ROSE-1000M2,R8,magus_clustalo-iter4,4,0.0966,0.0917
ROSE-1000M2,R8,magus_default-iter1,1,0.1021,0.0956
ROSE-1000M2,R8,magus_magus-iter1,1,0.0886,0.0858
ROSE-1000M2,R8,magus_magus-iter2,2,0.0945,0.0918
ROSE-1000M2,R8,magus_magus-iter3,3,0.0905,0.0877
ROSE-1000M2,R8,magus_magus-iter4,4,0.0901,0.0872
ROSE-1000M2,R8,muscle,-1,0.1339,0.1292
ROSE-1000M2,R8,pasta-iter3,-1,0.1062,0.1036
ROSE-1000M2,R9,clustalo,-1,0.8640,0.8313
ROSE-1000M2,R9,mafft,-1,0.9924,0.9819
ROSE-1000M2,R9,magus_clustalo-iter1,1,0.2450,0.2252
ROSE-1000M2,R9,magus_clustalo-iter2,2,0.1173,0.1080
ROSE-1000M2,R9,magus_clustalo-iter3,3,0.0937,0.0889
ROSE-1000M2,R9,magus_clustalo-iter4,4,0.1009,0.0941
ROSE-1000M2,R9,magus_default-iter1,1,0.0983,0.0912
ROSE-1000M2,R9,magus_magus-iter1,1,0.1030,0.0967
ROSE-1000M2,R9,magus_magus-iter2,2,0.1080,0.0983
ROSE-1000M2,R9,magus_magus-iter3,3,0.0968,0.0927
ROSE-1000M2,R9,magus_magus-iter4,4,0.1006,0.0955
ROSE-1000M2,R9,muscle,-1,0.1394,0.1336
ROSE-1000M2,R9,pasta-iter3,-1,0.1448,0.1399
ROSE-1000M3,R0,clustalo,-1,0.1510,0.1297
ROSE-1000M3,R0,mafft,-1,0.7863,0.6504
ROSE-1000M3,R0,magus_clustalo-iter1,1,0.0601,0.0580
ROSE-1000M3,R0,magus_clustalo-iter2,2,0.0456,0.0461
ROSE-1000M3,R0,magus_clustalo-iter3,3,0.0479,0.0458
ROSE-1000M3,R0,magus_clustalo-iter4,4,0.0481,0.0391
ROSE-1000M3,R0,magus_default-iter1,1,0.0440,0.0417
ROSE-1000M3,R0,magus_magus-iter1,1,0.0465,0.0461
ROSE-1000M3,R0,magus_magus-iter2,2,0.0458,0.0403
ROSE-1000M3,R0,magus_magus-iter3,3,0.0433,0.0436
ROSE-1000M3,R0,magus_magus-iter4,4,0.0435,0.0380
ROSE-1000M3,R0,muscle,-1,0.0494,0.0483
ROSE-1000M3,R0,pasta-iter3,-1,0.0560,0.0563
ROSE-1000M3,R1,clustalo,-1,0.2503,0.2080
ROSE-1000M3,R1,mafft,-1,0.6618,0.5000
ROSE-1000M3,R1,magus_clustalo-iter1,1,0.0601,0.0569
ROSE-1000M3,R1,magus_clustalo-iter2,2,0.0364,0.0334
ROSE-1000M3,R1,magus_clustalo-iter3,3,0.0354,0.0315
ROSE-1000M3,R1,magus_clustalo-iter4,4,0.0398,0.0370
ROSE-1000M3,R1,magus_default-iter1,1,0.0429,0.0398
ROSE-1000M3,R1,magus_magus-iter1,1,0.0378,0.0349
ROSE-1000M3,R1,magus_magus-iter2,2,0.0354,0.0327
ROSE-1000M3,R1,magus_magus-iter3,3,0.0464,0.0356
ROSE-1000M3,R1,magus_magus-iter4,4,0.0406,0.0383
ROSE-1000M3,R1,muscle,-1,0.0445,0.0441
ROSE-1000M3,R1,pasta-iter3,-1,0.0952,0.0921
ROSE-1000M3,R2,clustalo,-1,0.4977,0.4288
ROSE-1000M3,R2,mafft,-1,0.9336,0.8580
ROSE-1000M3,R2,magus_clustalo-iter1,1,0.1010,0.0909
ROSE-1000M3,R2,magus_clustalo-iter2,2,0.0651,0.0591
ROSE-1000M3,R2,magus_clustalo-iter3,3,0.0607,0.0586
ROSE-1000M3,R2,magus_clustalo-iter4,4,0.0527,0.0501
ROSE-1000M3,R2,magus_default-iter1,1,0.0516,0.0459
ROSE-1000M3,R2,magus_magus-iter1,1,0.0532,0.0505
ROSE-1000M3,R2,magus_magus-iter2,2,0.0472,0.0439
ROSE-1000M3,R2,magus_magus-iter3,3,0.0615,0.0578
ROSE-1000M3,R2,magus_magus-iter4,4,0.0564,0.0525
ROSE-1000M3,R2,muscle,-1,0.0664,0.0646
ROSE-1000M3,R2,pasta-iter3,-1,0.0640,0.0638
ROSE-1000M3,R3,clustalo,-1,0.3236,0.2696
ROSE-1000M3,R3,mafft,-1,0.8837,0.7762
ROSE-1000M3,R3,magus_clustalo-iter1,1,0.0677,0.0656
ROSE-1000M3,R3,magus_clustalo-iter2,2,0.0463,0.0460
ROSE-1000M3,R3,magus_clustalo-iter3,3,0.0417,0.0414
ROSE-1000M3,R3,magus_clustalo-iter4,4,0.0487,0.0483
ROSE-1000M3,R3,magus_default-iter1,1,0.0468,0.0460
ROSE-1000M3,R3,magus_magus-iter1,1,0.0395,0.0388
ROSE-1000M3,R3,magus_magus-iter2,2,0.0377,0.0373
ROSE-1000M3,R3,magus_magus-iter3,3,0.0432,0.0422
ROSE-1000M3,R3,magus_magus-iter4,4,0.0458,0.0455
ROSE-1000M3,R3,muscle,-1,0.0601,0.0580
ROSE-1000M3,R3,pasta-iter3,-1,0.0546,0.0543
ROSE-1000M3,R4,clustalo,-1,0.3098,0.2601
ROSE-1000M3,R4,mafft,-1,0.8248,0.6867
ROSE-1000M3,R4,magus_clustalo-iter1,1,0.0452,0.0449
ROSE-1000M3,R4,magus_clustalo-iter2,2,0.0340,0.0332
ROSE-1000M3,R4,magus_clustalo-iter3,3,0.0341,0.0334
ROSE-1000M3,R4,magus_clustalo-iter4,4,0.0350,0.0342
ROSE-1000M3,R4,magus_default-iter1,1,0.0359,0.0352
ROSE-1000M3,R4,magus_magus-iter1,1,0.0379,0.0373
ROSE-1000M3,R4,magus_magus-iter2,2,0.0352,0.0347
ROSE-1000M3,R4,magus_magus-iter3,3,0.0378,0.0371
ROSE-1000M3,R4,magus_magus-iter4,4,0.0395,0.0383
ROSE-1000M3,R4,muscle,-1,0.0381,0.0373
ROSE-1000M3,R4,pasta-iter3,-1,0.0473,0.0472
ROSE-1000M3,R5,clustalo,-1,0.2143,0.1739
ROSE-1000M3,R5,mafft,-1,0.7534,0.5957
ROSE-1000M3,R5,magus_clustalo-iter1,1,0.0402,0.0383
ROSE-1000M3,R5,magus_clustalo-iter2,2,0.0310,0.0306
ROSE-1000M3,R5,magus_clustalo-iter3,3,0.0302,0.0299
ROSE-1000M3,R5,magus_clustalo-iter4,4,0.0320,0.0316
ROSE-1000M3,R5,magus_default-iter1,1,0.0267,0.0246
ROSE-1000M3,R5,magus_magus-iter1,1,0.0294,0.0293
ROSE-1000M3,R5,magus_magus-iter2,2,0.0321,0.0316
ROSE-1000M3,R5,magus_magus-iter3,3,0.0335,0.0327
ROSE-1000M3,R5,magus_magus-iter4,4,0.0280,0.0268
ROSE-1000M3,R5,muscle,-1,0.0337,0.0328
ROSE-1000M3,R5,pasta-iter3,-1,0.0278,0.0279
ROSE-1000M3,R6,clustalo,-1,0.6408,0.5730
ROSE-1000M3,R6,mafft,-1,0.8113,0.6634
ROSE-1000M3,R6,magus_clustalo-iter1,1,0.0635,0.0614
ROSE-1000M3,R6,magus_clustalo-iter2,2,0.0395,0.0354
ROSE-1000M3,R6,magus_clustalo-iter3,3,0.0405,0.0390
ROSE-1000M3,R6,magus_clustalo-iter4,4,0.0415,0.0362
ROSE-1000M3,R6,magus_default-iter1,1,0.0373,0.0358
ROSE-1000M3,R6,magus_magus-iter1,1,0.0454,0.0413
ROSE-1000M3,R6,magus_magus-iter2,2,0.0360,0.0358
ROSE-1000M3,R6,magus_magus-iter3,3,0.0421,0.0387
ROSE-1000M3,R6,magus_magus-iter4,4,0.0403,0.0368
ROSE-1000M3,R6,muscle,-1,0.0433,0.0419
ROSE-1000M3,R6,pasta-iter3,-1,0.0354,0.0356
ROSE-1000M3,R7,clustalo,-1,0.4386,0.3767
ROSE-1000M3,R7,mafft,-1,0.8385,0.7036
ROSE-1000M3,R7,magus_clustalo-iter1,1,0.0596,0.0578
ROSE-1000M3,R7,magus_clustalo-iter2,2,0.0370,0.0364
ROSE-1000M3,R7,magus_clustalo-iter3,3,0.0392,0.0388
ROSE-1000M3,R7,magus_clustalo-iter4,4,0.0397,0.0393
ROSE-1000M3,R7,magus_default-iter1,1,0.0325,0.0321
ROSE-1000M3,R7,magus_magus-iter1,1,0.0406,0.0380
ROSE-1000M3,R7,magus_magus-iter2,2,0.0361,0.0352
ROSE-1000M3,R7,magus_magus-iter3,3,0.0474,0.0457
ROSE-1000M3,R7,magus_magus-iter4,4,0.0421,0.0402
ROSE-1000M3,R7,muscle,-1,0.0472,0.0460
ROSE-1000M3,R7,pasta-iter3,-1,0.0703,0.0699
ROSE-1000M3,R8,clustalo,-1,0.3282,0.2809
ROSE-1000M3,R8,mafft,-1,0.6591,0.4887
ROSE-1000M3,R8,magus_clustalo-iter1,1,0.0527,0.0505
ROSE-1000M3,R8,magus_clustalo-iter2,2,0.0387,0.0373
ROSE-1000M3,R8,magus_clustalo-iter3,3,0.0385,0.0371
ROSE-1000M3,R8,magus_clustalo-iter4,4,0.0389,0.0375
ROSE-1000M3,R8,magus_default-iter1,1,0.0330,0.0322
ROSE-1000M3,R8,magus_magus-iter1,1,0.0376,0.0363
ROSE-1000M3,R8,magus_magus-iter2,2,0.0357,0.0345
ROSE-1000M3,R8,magus_magus-iter3,3,0.0363,0.0348
ROSE-1000M3,R8,magus_magus-iter4,4,0.0372,0.0357
ROSE-1000M3,R8,muscle,-1,0.0400,0.0387
ROSE-1000M3,R8,pasta-iter3,-1,0.0479,0.0480
ROSE-1000M3,R9,clustalo,-1,0.3401,0.2864
ROSE-1000M3,R9,mafft,-1,0.8423,0.7138
ROSE-1000M3,R9,magus_clustalo-iter1,1,0.0449,0.0431
ROSE-1000M3,R9,magus_clustalo-iter2,2,0.0333,0.0325
ROSE-1000M3,R9,magus_clustalo-iter3,3,0.0315,0.0302
ROSE-1000M3,R9,magus_clustalo-iter4,4,0.0320,0.0310
ROSE-1000M3,R9,magus_default-iter1,1,0.0332,0.0323
ROSE-1000M3,R9,magus_magus-iter1,1,0.0292,0.0290
ROSE-1000M3,R9,magus_magus-iter2,2,0.0308,0.0309
ROSE-1000M3,R9,magus_magus-iter3,3,0.0312,0.0305
ROSE-1000M3,R9,magus_magus-iter4,4,0.0337,0.0332
ROSE-1000M3,R9,muscle,-1,0.0458,0.0444
ROSE-1000M3,R9,pasta-iter3,-1,0.0372,0.0374
