Dataset,Replicate,Method,Iteration,Runtime
16S.3,R0,magus_clustalo-iter0initi,0,26.3100
16S.3,R0,magus_clustalo-iter1,1,597.4500
16S.3,R0,magus_clustalo-iter1guide,1,1351.5300
16S.3,R0,magus_clustalo-iter2,2,1957.2900
16S.3,R0,magus_clustalo-iter2guide,2,2715.9200
16S.3,R0,magus_clustalo-iter3,3,3236.9800
16S.3,R0,magus_clustalo-iter3guide,3,3994.2900
16S.3,R0,magus_clustalo-iter4,4,4489.6800
16S.3,R0,magus_default-iter0initi,0,437.2800
16S.3,R0,magus_default-iter1,1,1685.4600
16S.3,R0,magus_magus-iter0initi,0,539.3700
16S.3,R0,magus_magus-iter1,1,1004.6600
16S.3,R0,magus_magus-iter1guide,1,1730.5100
16S.3,R0,magus_magus-iter2,2,2260.7200
16S.3,R0,magus_magus-iter2guide,2,2972.5300
16S.3,R0,magus_magus-iter3,3,3612.0900
16S.3,R0,magus_magus-iter3guide,3,4339.9500
16S.3,R0,magus_magus-iter4,4,4801.6400
16S.B.ALL,R0,magus_clustalo-iter0initi,0,135.0400
16S.B.ALL,R0,magus_clustalo-iter1,1,2323.0400
16S.B.ALL,R0,magus_clustalo-iter1guide,1,11201.6700
16S.B.ALL,R0,magus_clustalo-iter2,2,13186.0400
16S.B.ALL,R0,magus_clustalo-iter2guide,2,21730.3100
16S.B.ALL,R0,magus_clustalo-iter3,3,23895.4100
16S.B.ALL,R0,magus_clustalo-iter3guide,3,32098.7500
16S.B.ALL,R0,magus_clustalo-iter4,4,34067.9300
16S.B.ALL,R0,magus_default-iter0initi,0,1106.5400
16S.B.ALL,R0,magus_default-iter1,1,3486.2700
16S.B.ALL,R0,magus_magus-iter0initi,0,1121.2700
16S.B.ALL,R0,magus_magus-iter1,1,3561.3900
16S.B.ALL,R0,magus_magus-iter1guide,1,11849.0000
16S.B.ALL,R0,magus_magus-iter2,2,13941.0100
16S.B.ALL,R0,magus_magus-iter2guide,2,22306.2700
16S.B.ALL,R0,magus_magus-iter3,3,24502.1900
16S.B.ALL,R0,magus_magus-iter3guide,3,32681.7300
16S.B.ALL,R0,magus_magus-iter4,4,34798.9800
16S.M,R0,magus_clustalo-iter0initi,0,1.4400
16S.M,R0,magus_clustalo-iter1,1,103.8700
16S.M,R0,magus_clustalo-iter1guide,1,124.7900
16S.M,R0,magus_clustalo-iter2,2,236.6400
16S.M,R0,magus_clustalo-iter2guide,2,257.9500
16S.M,R0,magus_clustalo-iter3,3,365.3300
16S.M,R0,magus_clustalo-iter3guide,3,386.3500
16S.M,R0,magus_clustalo-iter4,4,515.7900
16S.M,R0,magus_default-iter0initi,0,154.8400
16S.M,R0,magus_default-iter1,1,258.4500
16S.M,R0,magus_magus-iter0initi,0,165.4200
16S.M,R0,magus_magus-iter1,1,301.3400
16S.M,R0,magus_magus-iter1guide,1,322.7500
16S.M,R0,magus_magus-iter2,2,444.5100
16S.M,R0,magus_magus-iter2guide,2,465.4000
16S.M,R0,magus_magus-iter3,3,576.3400
16S.M,R0,magus_magus-iter3guide,3,597.3100
16S.M,R0,magus_magus-iter4,4,718.9600
16S.T,R0,magus_clustalo-iter0initi,0,27.2400
16S.T,R0,magus_clustalo-iter1,1,934.2200
16S.T,R0,magus_clustalo-iter1guide,1,1945.8800
16S.T,R0,magus_clustalo-iter2,2,2555.2600
16S.T,R0,magus_clustalo-iter2guide,2,3504.8400
16S.T,R0,magus_clustalo-iter3,3,4215.1800
16S.T,R0,magus_clustalo-iter3guide,3,5178.6700
16S.T,R0,magus_clustalo-iter4,4,5881.4200
16S.T,R0,magus_default-iter0initi,0,492.8600
16S.T,R0,magus_default-iter1,1,2105.4700
16S.T,R0,magus_magus-iter0initi,0,518.8200
16S.T,R0,magus_magus-iter1,1,1121.5200
16S.T,R0,magus_magus-iter1guide,1,2024.5700
16S.T,R0,magus_magus-iter2,2,2667.0400
16S.T,R0,magus_magus-iter2guide,2,3659.5300
16S.T,R0,magus_magus-iter3,3,4331.3900
16S.T,R0,magus_magus-iter3guide,3,5252.4500
16S.T,R0,magus_magus-iter4,4,5870.3500
RNASim-1000,R0,magus_clustalo-iter0initi,0,6.5800
RNASim-1000,R0,magus_clustalo-iter1,1,809.3300
RNASim-1000,R0,magus_clustalo-iter1guide,1,865.9300
RNASim-1000,R0,magus_clustalo-iter2,2,1620.8100
RNASim-1000,R0,magus_clustalo-iter2guide,2,1677.1500
RNASim-1000,R0,magus_clustalo-iter3,3,2545.1000
RNASim-1000,R0,magus_clustalo-iter3guide,3,2601.2700
RNASim-1000,R0,magus_clustalo-iter4,4,3494.3600
RNASim-1000,R0,magus_default-iter0initi,0,481.7100
RNASim-1000,R0,magus_default-iter1,1,1464.7700
RNASim-1000,R0,magus_magus-iter0initi,0,439.1900
RNASim-1000,R0,magus_magus-iter1,1,823.2900
RNASim-1000,R0,magus_magus-iter1guide,1,908.3800
RNASim-1000,R0,magus_magus-iter2,2,1275.0100
RNASim-1000,R0,magus_magus-iter2guide,2,1357.7300
RNASim-1000,R0,magus_magus-iter3,3,1744.8500
RNASim-1000,R0,magus_magus-iter3guide,3,1828.7400
RNASim-1000,R0,magus_magus-iter4,4,2192.8300
RNASim-1000,R1,magus_clustalo-iter0initi,0,7.5300
RNASim-1000,R1,magus_clustalo-iter1,1,814.6100
RNASim-1000,R1,magus_clustalo-iter1guide,1,872.4400
RNASim-1000,R1,magus_clustalo-iter2,2,1659.1000
RNASim-1000,R1,magus_clustalo-iter2guide,2,1717.5500
RNASim-1000,R1,magus_clustalo-iter3,3,2503.5100
RNASim-1000,R1,magus_clustalo-iter3guide,3,2561.1800
RNASim-1000,R1,magus_clustalo-iter4,4,3815.0000
RNASim-1000,R1,magus_default-iter0initi,0,552.0100
RNASim-1000,R1,magus_default-iter1,1,1537.3200
RNASim-1000,R1,magus_magus-iter0initi,0,489.0500
RNASim-1000,R1,magus_magus-iter1,1,874.6600
RNASim-1000,R1,magus_magus-iter1guide,1,956.4500
RNASim-1000,R1,magus_magus-iter2,2,1305.5200
RNASim-1000,R1,magus_magus-iter2guide,2,1387.8000
RNASim-1000,R1,magus_magus-iter3,3,1757.7100
RNASim-1000,R1,magus_magus-iter3guide,3,1838.0000
RNASim-1000,R1,magus_magus-iter4,4,2199.3900
RNASim-1000,R2,magus_clustalo-iter0initi,0,6.8900
RNASim-1000,R2,magus_clustalo-iter1,1,789.8900
RNASim-1000,R2,magus_clustalo-iter1guide,1,845.9700
RNASim-1000,R2,magus_clustalo-iter2,2,1633.8100
RNASim-1000,R2,magus_clustalo-iter2guide,2,1688.4600
RNASim-1000,R2,magus_clustalo-iter3,3,2518.5000
RNASim-1000,R2,magus_clustalo-iter3guide,3,2574.5300
RNASim-1000,R2,magus_clustalo-iter4,4,3349.3100
RNASim-1000,R2,magus_default-iter0initi,0,542.0300
RNASim-1000,R2,magus_default-iter1,1,1598.4000
RNASim-1000,R2,magus_magus-iter0initi,0,465.8000
RNASim-1000,R2,magus_magus-iter1,1,835.8600
RNASim-1000,R2,magus_magus-iter1guide,1,919.5500
RNASim-1000,R2,magus_magus-iter2,2,1286.0500
RNASim-1000,R2,magus_magus-iter2guide,2,1372.3500
RNASim-1000,R2,magus_magus-iter3,3,1789.5300
RNASim-1000,R2,magus_magus-iter3guide,3,1871.8200
RNASim-1000,R2,magus_magus-iter4,4,2263.2200
RNASim-1000,R3,magus_clustalo-iter0initi,0,8.8400
RNASim-1000,R3,magus_clustalo-iter1,1,1105.3900
RNASim-1000,R3,magus_clustalo-iter1guide,1,1188.6200
RNASim-1000,R3,magus_clustalo-iter2,2,2344.2700
RNASim-1000,R3,magus_clustalo-iter2guide,2,2424.4900
RNASim-1000,R3,magus_clustalo-iter3,3,3490.5000
RNASim-1000,R3,magus_clustalo-iter3guide,3,3571.3000
RNASim-1000,R3,magus_clustalo-iter4,4,4695.1500
RNASim-1000,R3,magus_default-iter0initi,0,470.7500
RNASim-1000,R3,magus_default-iter1,1,1699.8500
RNASim-1000,R3,magus_magus-iter0initi,0,511.0300
RNASim-1000,R3,magus_magus-iter1,1,916.6100
RNASim-1000,R3,magus_magus-iter1guide,1,998.6200
RNASim-1000,R3,magus_magus-iter2,2,1371.7600
RNASim-1000,R3,magus_magus-iter2guide,2,1452.6000
RNASim-1000,R3,magus_magus-iter3,3,1809.2900
RNASim-1000,R3,magus_magus-iter3guide,3,1890.1300
RNASim-1000,R3,magus_magus-iter4,4,2245.7600
RNASim-1000,R4,magus_clustalo-iter0initi,0,7.4300
RNASim-1000,R4,magus_clustalo-iter1,1,796.4500
RNASim-1000,R4,magus_clustalo-iter1guide,1,851.6700
RNASim-1000,R4,magus_clustalo-iter2,2,1617.5500
RNASim-1000,R4,magus_clustalo-iter2guide,2,1672.1500
RNASim-1000,R4,magus_clustalo-iter3,3,2458.8900
RNASim-1000,R4,magus_clustalo-iter3guide,3,2513.5200
RNASim-1000,R4,magus_clustalo-iter4,4,3261.3800
RNASim-1000,R4,magus_default-iter0initi,0,583.4900
RNASim-1000,R4,magus_default-iter1,1,1804.1600
RNASim-1000,R4,magus_magus-iter0initi,0,471.5200
RNASim-1000,R4,magus_magus-iter1,1,857.8600
RNASim-1000,R4,magus_magus-iter1guide,1,939.3600
RNASim-1000,R4,magus_magus-iter2,2,1297.5600
RNASim-1000,R4,magus_magus-iter2guide,2,1380.6100
RNASim-1000,R4,magus_magus-iter3,3,1734.7400
RNASim-1000,R4,magus_magus-iter3guide,3,1817.0500
RNASim-1000,R4,magus_magus-iter4,4,2204.5600
RNASim-1000,R5,magus_clustalo-iter0initi,0,8.7800
RNASim-1000,R5,magus_clustalo-iter1,1,1134.9900
RNASim-1000,R5,magus_clustalo-iter1guide,1,1206.1300
RNASim-1000,R5,magus_clustalo-iter2,2,2269.0900
RNASim-1000,R5,magus_clustalo-iter2guide,2,2338.8500
RNASim-1000,R5,magus_clustalo-iter3,3,3368.3400
RNASim-1000,R5,magus_clustalo-iter3guide,3,3440.8400
RNASim-1000,R5,magus_clustalo-iter4,4,4473.8700
RNASim-1000,R5,magus_default-iter0initi,0,409.7400
RNASim-1000,R5,magus_default-iter1,1,1100.2100
RNASim-1000,R5,magus_magus-iter0initi,0,541.3600
RNASim-1000,R5,magus_magus-iter1,1,902.8200
RNASim-1000,R5,magus_magus-iter1guide,1,988.3000
RNASim-1000,R5,magus_magus-iter2,2,1339.5200
RNASim-1000,R5,magus_magus-iter2guide,2,1425.1500
RNASim-1000,R5,magus_magus-iter3,3,1764.1900
RNASim-1000,R5,magus_magus-iter3guide,3,1847.6700
RNASim-1000,R5,magus_magus-iter4,4,2237.1600
RNASim-1000,R6,magus_clustalo-iter0initi,0,8.5500
RNASim-1000,R6,magus_clustalo-iter1,1,1211.8900
RNASim-1000,R6,magus_clustalo-iter1guide,1,1281.7700
RNASim-1000,R6,magus_clustalo-iter2,2,2385.6800
RNASim-1000,R6,magus_clustalo-iter2guide,2,2455.1800
RNASim-1000,R6,magus_clustalo-iter3,3,3608.5000
RNASim-1000,R6,magus_clustalo-iter3guide,3,3677.9300
RNASim-1000,R6,magus_clustalo-iter4,4,4753.8200
RNASim-1000,R6,magus_default-iter0initi,0,561.4500
RNASim-1000,R6,magus_default-iter1,1,1401.6200
RNASim-1000,R6,magus_magus-iter0initi,0,470.4600
RNASim-1000,R6,magus_magus-iter1,1,836.1400
RNASim-1000,R6,magus_magus-iter1guide,1,919.2000
RNASim-1000,R6,magus_magus-iter2,2,1266.7400
RNASim-1000,R6,magus_magus-iter2guide,2,1350.9500
RNASim-1000,R6,magus_magus-iter3,3,1694.2600
RNASim-1000,R6,magus_magus-iter3guide,3,1778.3200
RNASim-1000,R6,magus_magus-iter4,4,2175.8500
RNASim-1000,R7,magus_clustalo-iter0initi,0,9.5400
RNASim-1000,R7,magus_clustalo-iter1,1,1087.6700
RNASim-1000,R7,magus_clustalo-iter1guide,1,1167.6700
RNASim-1000,R7,magus_clustalo-iter2,2,2200.7400
RNASim-1000,R7,magus_clustalo-iter2guide,2,2279.3800
RNASim-1000,R7,magus_clustalo-iter3,3,3351.5700
RNASim-1000,R7,magus_clustalo-iter3guide,3,3429.6500
RNASim-1000,R7,magus_clustalo-iter4,4,4460.5200
RNASim-1000,R7,magus_default-iter0initi,0,486.0800
RNASim-1000,R7,magus_default-iter1,1,1068.6000
RNASim-1000,R7,magus_magus-iter0initi,0,442.9400
RNASim-1000,R7,magus_magus-iter1,1,793.9000
RNASim-1000,R7,magus_magus-iter1guide,1,873.6800
RNASim-1000,R7,magus_magus-iter2,2,1219.6100
RNASim-1000,R7,magus_magus-iter2guide,2,1299.5300
RNASim-1000,R7,magus_magus-iter3,3,1654.5100
RNASim-1000,R7,magus_magus-iter3guide,3,1734.4400
RNASim-1000,R7,magus_magus-iter4,4,2072.9100
RNASim-1000,R8,magus_clustalo-iter0initi,0,8.7900
RNASim-1000,R8,magus_clustalo-iter1,1,1111.2400
RNASim-1000,R8,magus_clustalo-iter1guide,1,1195.4900
RNASim-1000,R8,magus_clustalo-iter2,2,2327.6300
RNASim-1000,R8,magus_clustalo-iter2guide,2,2410.2600
RNASim-1000,R8,magus_clustalo-iter3,3,3610.0100
RNASim-1000,R8,magus_clustalo-iter3guide,3,3693.7000
RNASim-1000,R8,magus_clustalo-iter4,4,4793.9400
RNASim-1000,R8,magus_default-iter0initi,0,566.4600
RNASim-1000,R8,magus_default-iter1,1,1700.7600
RNASim-1000,R8,magus_magus-iter0initi,0,386.2500
RNASim-1000,R8,magus_magus-iter1,1,732.1900
RNASim-1000,R8,magus_magus-iter1guide,1,816.3800
RNASim-1000,R8,magus_magus-iter2,2,1166.0700
RNASim-1000,R8,magus_magus-iter2guide,2,1250.0100
RNASim-1000,R8,magus_magus-iter3,3,1601.9400
RNASim-1000,R8,magus_magus-iter3guide,3,1685.4200
RNASim-1000,R8,magus_magus-iter4,4,2077.9600
RNASim-1000,R9,magus_clustalo-iter0initi,0,7.0800
RNASim-1000,R9,magus_clustalo-iter1,1,800.7300
RNASim-1000,R9,magus_clustalo-iter1guide,1,856.9300
RNASim-1000,R9,magus_clustalo-iter2,2,1639.0000
RNASim-1000,R9,magus_clustalo-iter2guide,2,1695.3300
RNASim-1000,R9,magus_clustalo-iter3,3,2455.5500
RNASim-1000,R9,magus_clustalo-iter3guide,3,2513.0700
RNASim-1000,R9,magus_clustalo-iter4,4,3207.4000
RNASim-1000,R9,magus_default-iter0initi,0,432.5500
RNASim-1000,R9,magus_default-iter1,1,1032.3200
RNASim-1000,R9,magus_magus-iter0initi,0,443.1900
RNASim-1000,R9,magus_magus-iter1,1,775.6100
RNASim-1000,R9,magus_magus-iter1guide,1,858.9400
RNASim-1000,R9,magus_magus-iter2,2,1210.2200
RNASim-1000,R9,magus_magus-iter2guide,2,1293.7300
RNASim-1000,R9,magus_magus-iter3,3,1619.7800
RNASim-1000,R9,magus_magus-iter3guide,3,1703.3600
RNASim-1000,R9,magus_magus-iter4,4,2067.4500
RNASim-10000,R0,magus_clustalo-iter0initi,0,55.3400
RNASim-10000,R0,magus_clustalo-iter1,1,1041.6900
RNASim-10000,R0,magus_clustalo-iter1guide,1,7888.5600
RNASim-10000,R0,magus_clustalo-iter2,2,8854.9900
RNASim-10000,R0,magus_clustalo-iter2guide,2,15179.6800
RNASim-10000,R0,magus_clustalo-iter3,3,16148.3600
RNASim-10000,R0,magus_clustalo-iter3guide,3,22374.2900
RNASim-10000,R0,magus_clustalo-iter4,4,23324.9100
RNASim-10000,R0,magus_default-iter0initi,0,1099.4500
RNASim-10000,R0,magus_default-iter1,1,2953.6500
RNASim-10000,R0,magus_magus-iter0initi,0,1001.2900
RNASim-10000,R0,magus_magus-iter1,1,1998.6100
RNASim-10000,R0,magus_magus-iter1guide,1,8318.5100
RNASim-10000,R0,magus_magus-iter2,2,9289.8500
RNASim-10000,R0,magus_magus-iter2guide,2,15522.3500
RNASim-10000,R0,magus_magus-iter3,3,16444.7800
RNASim-10000,R0,magus_magus-iter3guide,3,22676.1800
RNASim-10000,R0,magus_magus-iter4,4,23625.3200
RNASim-10000,R1,magus_clustalo-iter0initi,0,54.7200
RNASim-10000,R1,magus_clustalo-iter1,1,1016.2400
RNASim-10000,R1,magus_clustalo-iter1guide,1,7678.1300
RNASim-10000,R1,magus_clustalo-iter2,2,8623.7500
RNASim-10000,R1,magus_clustalo-iter2guide,2,14875.7200
RNASim-10000,R1,magus_clustalo-iter3,3,15834.8300
RNASim-10000,R1,magus_clustalo-iter3guide,3,21981.8700
RNASim-10000,R1,magus_clustalo-iter4,4,22933.3000
RNASim-10000,R1,magus_default-iter0initi,0,1022.8300
RNASim-10000,R1,magus_default-iter1,1,2780.9600
RNASim-10000,R1,magus_magus-iter0initi,0,1019.0200
RNASim-10000,R1,magus_magus-iter1,1,1957.7900
RNASim-10000,R1,magus_magus-iter1guide,1,8013.2100
RNASim-10000,R1,magus_magus-iter2,2,8974.1000
RNASim-10000,R1,magus_magus-iter2guide,2,15042.6500
RNASim-10000,R1,magus_magus-iter3,3,16035.7500
RNASim-10000,R1,magus_magus-iter3guide,3,22229.6200
RNASim-10000,R1,magus_magus-iter4,4,23234.2200
RNASim-10000,R2,magus_clustalo-iter0initi,0,56.9100
RNASim-10000,R2,magus_clustalo-iter1,1,1022.2600
RNASim-10000,R2,magus_clustalo-iter1guide,1,7662.6600
RNASim-10000,R2,magus_clustalo-iter2,2,8680.5200
RNASim-10000,R2,magus_clustalo-iter2guide,2,14934.6300
RNASim-10000,R2,magus_clustalo-iter3,3,15927.2700
RNASim-10000,R2,magus_clustalo-iter3guide,3,22213.5500
RNASim-10000,R2,magus_clustalo-iter4,4,23248.3600
RNASim-10000,R2,magus_default-iter0initi,0,1225.6000
RNASim-10000,R2,magus_default-iter1,1,3076.6700
RNASim-10000,R2,magus_magus-iter0initi,0,1021.9300
RNASim-10000,R2,magus_magus-iter1,1,2051.4900
RNASim-10000,R2,magus_magus-iter1guide,1,8012.6600
RNASim-10000,R2,magus_magus-iter2,2,8993.4400
RNASim-10000,R2,magus_magus-iter2guide,2,15197.9800
RNASim-10000,R2,magus_magus-iter3,3,16187.7800
RNASim-10000,R2,magus_magus-iter3guide,3,22436.3800
RNASim-10000,R2,magus_magus-iter4,4,23478.9400
RNASim-10000,R3,magus_clustalo-iter0initi,0,56.2000
RNASim-10000,R3,magus_clustalo-iter1,1,1070.9500
RNASim-10000,R3,magus_clustalo-iter1guide,1,7796.4700
RNASim-10000,R3,magus_clustalo-iter2,2,8780.7600
RNASim-10000,R3,magus_clustalo-iter2guide,2,15010.7800
RNASim-10000,R3,magus_clustalo-iter3,3,15982.3100
RNASim-10000,R3,magus_clustalo-iter3guide,3,22057.9600
RNASim-10000,R3,magus_clustalo-iter4,4,23034.1600
RNASim-10000,R3,magus_default-iter0initi,0,1070.7100
RNASim-10000,R3,magus_default-iter1,1,2902.3700
RNASim-10000,R3,magus_magus-iter0initi,0,1096.6100
RNASim-10000,R3,magus_magus-iter1,1,2128.9300
RNASim-10000,R3,magus_magus-iter1guide,1,8459.2300
RNASim-10000,R3,magus_magus-iter2,2,9471.5000
RNASim-10000,R3,magus_magus-iter2guide,2,15445.4000
RNASim-10000,R3,magus_magus-iter3,3,16442.8300
RNASim-10000,R3,magus_magus-iter3guide,3,22755.0500
RNASim-10000,R3,magus_magus-iter4,4,23785.3900
RNASim-10000,R4,magus_clustalo-iter0initi,0,57.5900
RNASim-10000,R4,magus_clustalo-iter1,1,1044.9900
RNASim-10000,R4,magus_clustalo-iter1guide,1,7883.7700
RNASim-10000,R4,magus_clustalo-iter2,2,8853.1900
RNASim-10000,R4,magus_clustalo-iter2guide,2,14729.3800
RNASim-10000,R4,magus_clustalo-iter3,3,15745.2100
RNASim-10000,R4,magus_clustalo-iter3guide,3,21883.2300
RNASim-10000,R4,magus_clustalo-iter4,4,22919.2200
RNASim-10000,R4,magus_default-iter0initi,0,1215.3600
RNASim-10000,R4,magus_default-iter1,1,3086.4200
RNASim-10000,R4,magus_magus-iter0initi,0,1074.2400
RNASim-10000,R4,magus_magus-iter1,1,2073.8900
RNASim-10000,R4,magus_magus-iter1guide,1,8004.7300
RNASim-10000,R4,magus_magus-iter2,2,9023.4200
RNASim-10000,R4,magus_magus-iter2guide,2,15260.7300
RNASim-10000,R4,magus_magus-iter3,3,16211.2400
RNASim-10000,R4,magus_magus-iter3guide,3,22387.6200
RNASim-10000,R4,magus_magus-iter4,4,23385.1100
RNASim-10000,R5,magus_clustalo-iter0initi,0,56.2900
RNASim-10000,R5,magus_clustalo-iter1,1,1079.8800
RNASim-10000,R5,magus_clustalo-iter1guide,1,7949.1600
RNASim-10000,R5,magus_clustalo-iter2,2,8906.7400
RNASim-10000,R5,magus_clustalo-iter2guide,2,15084.4000
RNASim-10000,R5,magus_clustalo-iter3,3,16097.1500
RNASim-10000,R5,magus_clustalo-iter3guide,3,22307.4400
RNASim-10000,R5,magus_clustalo-iter4,4,23241.6800
RNASim-10000,R5,magus_default-iter0initi,0,1011.4500
RNASim-10000,R5,magus_default-iter1,1,2882.0700
RNASim-10000,R5,magus_magus-iter0initi,0,1096.4900
RNASim-10000,R5,magus_magus-iter1,1,2125.4600
RNASim-10000,R5,magus_magus-iter1guide,1,8239.7500
RNASim-10000,R5,magus_magus-iter2,2,9182.5700
RNASim-10000,R5,magus_magus-iter2guide,2,15235.7500
RNASim-10000,R5,magus_magus-iter3,3,16269.8900
RNASim-10000,R5,magus_magus-iter3guide,3,22504.3600
RNASim-10000,R5,magus_magus-iter4,4,23428.8700
RNASim-10000,R6,magus_clustalo-iter0initi,0,56.8500
RNASim-10000,R6,magus_clustalo-iter1,1,1003.4300
RNASim-10000,R6,magus_clustalo-iter1guide,1,7673.8300
RNASim-10000,R6,magus_clustalo-iter2,2,8642.1500
RNASim-10000,R6,magus_clustalo-iter2guide,2,14926.2800
RNASim-10000,R6,magus_clustalo-iter3,3,15913.1000
RNASim-10000,R6,magus_clustalo-iter3guide,3,22162.5700
RNASim-10000,R6,magus_clustalo-iter4,4,23048.2600
RNASim-10000,R6,magus_default-iter0initi,0,1051.0800
RNASim-10000,R6,magus_default-iter1,1,2860.1600
RNASim-10000,R6,magus_magus-iter0initi,0,1113.6000
RNASim-10000,R6,magus_magus-iter1,1,2044.8600
RNASim-10000,R6,magus_magus-iter1guide,1,8233.4600
RNASim-10000,R6,magus_magus-iter2,2,9175.1300
RNASim-10000,R6,magus_magus-iter2guide,2,15436.7400
RNASim-10000,R6,magus_magus-iter3,3,16345.2300
RNASim-10000,R6,magus_magus-iter3guide,3,22248.6700
RNASim-10000,R6,magus_magus-iter4,4,23166.7800
RNASim-10000,R7,magus_clustalo-iter0initi,0,55.4600
RNASim-10000,R7,magus_clustalo-iter1,1,1022.6100
RNASim-10000,R7,magus_clustalo-iter1guide,1,7581.8500
RNASim-10000,R7,magus_clustalo-iter2,2,8533.3300
RNASim-10000,R7,magus_clustalo-iter2guide,2,14752.2700
RNASim-10000,R7,magus_clustalo-iter3,3,15676.4300
RNASim-10000,R7,magus_clustalo-iter3guide,3,21485.4400
RNASim-10000,R7,magus_clustalo-iter4,4,22412.7800
RNASim-10000,R7,magus_default-iter0initi,0,1061.4900
RNASim-10000,R7,magus_default-iter1,1,2864.6200
RNASim-10000,R7,magus_magus-iter0initi,0,945.5800
RNASim-10000,R7,magus_magus-iter1,1,1932.0000
RNASim-10000,R7,magus_magus-iter1guide,1,7978.6600
RNASim-10000,R7,magus_magus-iter2,2,8938.3000
RNASim-10000,R7,magus_magus-iter2guide,2,15113.9000
RNASim-10000,R7,magus_magus-iter3,3,16085.9400
RNASim-10000,R7,magus_magus-iter3guide,3,22316.7000
RNASim-10000,R7,magus_magus-iter4,4,23281.3000
RNASim-10000,R8,magus_clustalo-iter0initi,0,58.0500
RNASim-10000,R8,magus_clustalo-iter1,1,1107.2500
RNASim-10000,R8,magus_clustalo-iter1guide,1,7999.3200
RNASim-10000,R8,magus_clustalo-iter2,2,8942.4900
RNASim-10000,R8,magus_clustalo-iter2guide,2,14804.8700
RNASim-10000,R8,magus_clustalo-iter3,3,15786.0400
RNASim-10000,R8,magus_clustalo-iter3guide,3,22102.1200
RNASim-10000,R8,magus_clustalo-iter4,4,23018.4500
RNASim-10000,R8,magus_default-iter0initi,0,1025.7900
RNASim-10000,R8,magus_default-iter1,1,2829.9000
RNASim-10000,R8,magus_magus-iter0initi,0,1086.6200
RNASim-10000,R8,magus_magus-iter1,1,2019.9500
RNASim-10000,R8,magus_magus-iter1guide,1,8157.4900
RNASim-10000,R8,magus_magus-iter2,2,9158.8900
RNASim-10000,R8,magus_magus-iter2guide,2,15375.9700
RNASim-10000,R8,magus_magus-iter3,3,16313.5900
RNASim-10000,R8,magus_magus-iter3guide,3,22454.1000
RNASim-10000,R8,magus_magus-iter4,4,23413.0900
RNASim-10000,R9,magus_clustalo-iter0initi,0,54.1100
RNASim-10000,R9,magus_clustalo-iter1,1,1084.6900
RNASim-10000,R9,magus_clustalo-iter1guide,1,8064.8600
RNASim-10000,R9,magus_clustalo-iter2,2,9030.2700
RNASim-10000,R9,magus_clustalo-iter2guide,2,15240.7400
RNASim-10000,R9,magus_clustalo-iter3,3,16218.9900
RNASim-10000,R9,magus_clustalo-iter3guide,3,22461.4100
RNASim-10000,R9,magus_clustalo-iter4,4,23452.2100
RNASim-10000,R9,magus_default-iter0initi,0,1174.5200
RNASim-10000,R9,magus_default-iter1,1,3025.2000
RNASim-10000,R9,magus_magus-iter0initi,0,1038.5300
RNASim-10000,R9,magus_magus-iter1,1,2019.6600
RNASim-10000,R9,magus_magus-iter1guide,1,8216.5200
RNASim-10000,R9,magus_magus-iter2,2,9239.1100
RNASim-10000,R9,magus_magus-iter2guide,2,15547.9600
RNASim-10000,R9,magus_magus-iter3,3,16571.3900
RNASim-10000,R9,magus_magus-iter3guide,3,22740.0900
RNASim-10000,R9,magus_magus-iter4,4,23757.1300
ROSE-1000L1,R0,magus_clustalo-iter0initi,0,5.5600
ROSE-1000L1,R0,magus_clustalo-iter1,1,431.5600
ROSE-1000L1,R0,magus_clustalo-iter1guide,1,486.9000
ROSE-1000L1,R0,magus_clustalo-iter2,2,898.8000
ROSE-1000L1,R0,magus_clustalo-iter2guide,2,939.2400
ROSE-1000L1,R0,magus_clustalo-iter3,3,1354.8200
ROSE-1000L1,R0,magus_clustalo-iter3guide,3,1395.7900
ROSE-1000L1,R0,magus_clustalo-iter4,4,1779.4900
ROSE-1000L1,R0,magus_default-iter0initi,0,102.6200
ROSE-1000L1,R0,magus_default-iter1,1,383.3700
ROSE-1000L1,R0,magus_magus-iter0initi,0,141.2400
ROSE-1000L1,R0,magus_magus-iter1,1,259.8200
ROSE-1000L1,R0,magus_magus-iter1guide,1,298.9000
ROSE-1000L1,R0,magus_magus-iter2,2,425.4600
ROSE-1000L1,R0,magus_magus-iter2guide,2,465.1000
ROSE-1000L1,R0,magus_magus-iter3,3,594.6700
ROSE-1000L1,R0,magus_magus-iter3guide,3,632.9700
ROSE-1000L1,R0,magus_magus-iter4,4,758.4200
ROSE-1000L1,R1,magus_clustalo-iter0initi,0,5.9400
ROSE-1000L1,R1,magus_clustalo-iter1,1,419.2700
ROSE-1000L1,R1,magus_clustalo-iter1guide,1,474.6600
ROSE-1000L1,R1,magus_clustalo-iter2,2,851.5500
ROSE-1000L1,R1,magus_clustalo-iter2guide,2,889.9600
ROSE-1000L1,R1,magus_clustalo-iter3,3,1246.5700
ROSE-1000L1,R1,magus_clustalo-iter3guide,3,1285.0200
ROSE-1000L1,R1,magus_clustalo-iter4,4,1661.8700
ROSE-1000L1,R1,magus_default-iter0initi,0,151.8300
ROSE-1000L1,R1,magus_default-iter1,1,476.1100
ROSE-1000L1,R1,magus_magus-iter0initi,0,132.9800
ROSE-1000L1,R1,magus_magus-iter1,1,260.7900
ROSE-1000L1,R1,magus_magus-iter1guide,1,300.6500
ROSE-1000L1,R1,magus_magus-iter2,2,415.8900
ROSE-1000L1,R1,magus_magus-iter2guide,2,455.9100
ROSE-1000L1,R1,magus_magus-iter3,3,576.9900
ROSE-1000L1,R1,magus_magus-iter3guide,3,616.5700
ROSE-1000L1,R1,magus_magus-iter4,4,747.3000
ROSE-1000L1,R2,magus_clustalo-iter0initi,0,5.7400
ROSE-1000L1,R2,magus_clustalo-iter1,1,407.4800
ROSE-1000L1,R2,magus_clustalo-iter1guide,1,469.6400
ROSE-1000L1,R2,magus_clustalo-iter2,2,826.1400
ROSE-1000L1,R2,magus_clustalo-iter2guide,2,872.2400
ROSE-1000L1,R2,magus_clustalo-iter3,3,1239.7700
ROSE-1000L1,R2,magus_clustalo-iter3guide,3,1283.7300
ROSE-1000L1,R2,magus_clustalo-iter4,4,1651.2800
ROSE-1000L1,R2,magus_default-iter0initi,0,141.9100
ROSE-1000L1,R2,magus_default-iter1,1,471.4700
ROSE-1000L1,R2,magus_magus-iter0initi,0,114.9400
ROSE-1000L1,R2,magus_magus-iter1,1,261.8100
ROSE-1000L1,R2,magus_magus-iter1guide,1,304.5400
ROSE-1000L1,R2,magus_magus-iter2,2,440.2800
ROSE-1000L1,R2,magus_magus-iter2guide,2,482.7600
ROSE-1000L1,R2,magus_magus-iter3,3,598.2600
ROSE-1000L1,R2,magus_magus-iter3guide,3,641.0200
ROSE-1000L1,R2,magus_magus-iter4,4,775.7900
ROSE-1000L1,R3,magus_clustalo-iter0initi,0,5.0400
ROSE-1000L1,R3,magus_clustalo-iter1,1,339.8900
ROSE-1000L1,R3,magus_clustalo-iter1guide,1,382.9500
ROSE-1000L1,R3,magus_clustalo-iter2,2,666.4500
ROSE-1000L1,R3,magus_clustalo-iter2guide,2,698.1600
ROSE-1000L1,R3,magus_clustalo-iter3,3,967.4500
ROSE-1000L1,R3,magus_clustalo-iter3guide,3,996.6600
ROSE-1000L1,R3,magus_clustalo-iter4,4,1281.3700
ROSE-1000L1,R3,magus_default-iter0initi,0,175.5200
ROSE-1000L1,R3,magus_default-iter1,1,563.4900
ROSE-1000L1,R3,magus_magus-iter0initi,0,166.3400
ROSE-1000L1,R3,magus_magus-iter1,1,326.7900
ROSE-1000L1,R3,magus_magus-iter1guide,1,372.5600
ROSE-1000L1,R3,magus_magus-iter2,2,532.6900
ROSE-1000L1,R3,magus_magus-iter2guide,2,577.9300
ROSE-1000L1,R3,magus_magus-iter3,3,733.0400
ROSE-1000L1,R3,magus_magus-iter3guide,3,778.4300
ROSE-1000L1,R3,magus_magus-iter4,4,922.2800
ROSE-1000L1,R4,magus_clustalo-iter0initi,0,5.7200
ROSE-1000L1,R4,magus_clustalo-iter1,1,364.4300
ROSE-1000L1,R4,magus_clustalo-iter1guide,1,417.9300
ROSE-1000L1,R4,magus_clustalo-iter2,2,746.5300
ROSE-1000L1,R4,magus_clustalo-iter2guide,2,786.5700
ROSE-1000L1,R4,magus_clustalo-iter3,3,1119.1100
ROSE-1000L1,R4,magus_clustalo-iter3guide,3,1159.2500
ROSE-1000L1,R4,magus_clustalo-iter4,4,1487.9200
ROSE-1000L1,R4,magus_default-iter0initi,0,124.6900
ROSE-1000L1,R4,magus_default-iter1,1,437.8000
ROSE-1000L1,R4,magus_magus-iter0initi,0,137.4900
ROSE-1000L1,R4,magus_magus-iter1,1,273.9200
ROSE-1000L1,R4,magus_magus-iter1guide,1,314.3100
ROSE-1000L1,R4,magus_magus-iter2,2,444.4300
ROSE-1000L1,R4,magus_magus-iter2guide,2,484.7400
ROSE-1000L1,R4,magus_magus-iter3,3,608.2400
ROSE-1000L1,R4,magus_magus-iter3guide,3,648.2200
ROSE-1000L1,R4,magus_magus-iter4,4,767.9100
ROSE-1000L1,R5,magus_clustalo-iter0initi,0,5.6300
ROSE-1000L1,R5,magus_clustalo-iter1,1,295.3600
ROSE-1000L1,R5,magus_clustalo-iter1guide,1,336.8700
ROSE-1000L1,R5,magus_clustalo-iter2,2,623.6500
ROSE-1000L1,R5,magus_clustalo-iter2guide,2,654.5900
ROSE-1000L1,R5,magus_clustalo-iter3,3,923.8500
ROSE-1000L1,R5,magus_clustalo-iter3guide,3,953.7500
ROSE-1000L1,R5,magus_clustalo-iter4,4,1223.2800
ROSE-1000L1,R5,magus_default-iter0initi,0,134.7700
ROSE-1000L1,R5,magus_default-iter1,1,529.8300
ROSE-1000L1,R5,magus_magus-iter0initi,0,99.0500
ROSE-1000L1,R5,magus_magus-iter1,1,208.3400
ROSE-1000L1,R5,magus_magus-iter1guide,1,245.0800
ROSE-1000L1,R5,magus_magus-iter2,2,368.5200
ROSE-1000L1,R5,magus_magus-iter2guide,2,405.0000
ROSE-1000L1,R5,magus_magus-iter3,3,550.8200
ROSE-1000L1,R5,magus_magus-iter3guide,3,587.1000
ROSE-1000L1,R5,magus_magus-iter4,4,704.0800
ROSE-1000L1,R6,magus_clustalo-iter0initi,0,6.2000
ROSE-1000L1,R6,magus_clustalo-iter1,1,524.6500
ROSE-1000L1,R6,magus_clustalo-iter1guide,1,584.8000
ROSE-1000L1,R6,magus_clustalo-iter2,2,1100.7400
ROSE-1000L1,R6,magus_clustalo-iter2guide,2,1145.8600
ROSE-1000L1,R6,magus_clustalo-iter3,3,1638.1800
ROSE-1000L1,R6,magus_clustalo-iter3guide,3,1681.5900
ROSE-1000L1,R6,magus_clustalo-iter4,4,2219.6200
ROSE-1000L1,R6,magus_default-iter0initi,0,124.0100
ROSE-1000L1,R6,magus_default-iter1,1,362.0600
ROSE-1000L1,R6,magus_magus-iter0initi,0,107.9800
ROSE-1000L1,R6,magus_magus-iter1,1,242.1400
ROSE-1000L1,R6,magus_magus-iter1guide,1,281.7300
ROSE-1000L1,R6,magus_magus-iter2,2,402.8200
ROSE-1000L1,R6,magus_magus-iter2guide,2,442.0800
ROSE-1000L1,R6,magus_magus-iter3,3,585.6200
ROSE-1000L1,R6,magus_magus-iter3guide,3,624.6700
ROSE-1000L1,R6,magus_magus-iter4,4,742.6600
ROSE-1000L1,R7,magus_clustalo-iter0initi,0,5.2800
ROSE-1000L1,R7,magus_clustalo-iter1,1,365.4600
ROSE-1000L1,R7,magus_clustalo-iter1guide,1,408.0200
ROSE-1000L1,R7,magus_clustalo-iter2,2,772.8900
ROSE-1000L1,R7,magus_clustalo-iter2guide,2,807.5100
ROSE-1000L1,R7,magus_clustalo-iter3,3,1182.0900
ROSE-1000L1,R7,magus_clustalo-iter3guide,3,1216.8600
ROSE-1000L1,R7,magus_clustalo-iter4,4,1563.8700
ROSE-1000L1,R7,magus_default-iter0initi,0,134.4200
ROSE-1000L1,R7,magus_default-iter1,1,409.1100
ROSE-1000L1,R7,magus_magus-iter0initi,0,111.4900
ROSE-1000L1,R7,magus_magus-iter1,1,231.5800
ROSE-1000L1,R7,magus_magus-iter1guide,1,271.4400
ROSE-1000L1,R7,magus_magus-iter2,2,386.8600
ROSE-1000L1,R7,magus_magus-iter2guide,2,427.3300
ROSE-1000L1,R7,magus_magus-iter3,3,531.5500
ROSE-1000L1,R7,magus_magus-iter3guide,3,572.1300
ROSE-1000L1,R7,magus_magus-iter4,4,684.3300
ROSE-1000L1,R8,magus_clustalo-iter0initi,0,6.1800
ROSE-1000L1,R8,magus_clustalo-iter1,1,649.0200
ROSE-1000L1,R8,magus_clustalo-iter1guide,1,723.9500
ROSE-1000L1,R8,magus_clustalo-iter2,2,1268.9700
ROSE-1000L1,R8,magus_clustalo-iter2guide,2,1318.7800
ROSE-1000L1,R8,magus_clustalo-iter3,3,1912.5100
ROSE-1000L1,R8,magus_clustalo-iter3guide,3,1962.1900
ROSE-1000L1,R8,magus_clustalo-iter4,4,2519.5100
ROSE-1000L1,R8,magus_default-iter0initi,0,160.2800
ROSE-1000L1,R8,magus_default-iter1,1,565.8600
ROSE-1000L1,R8,magus_magus-iter0initi,0,137.0200
ROSE-1000L1,R8,magus_magus-iter1,1,272.6800
ROSE-1000L1,R8,magus_magus-iter1guide,1,316.4000
ROSE-1000L1,R8,magus_magus-iter2,2,482.4300
ROSE-1000L1,R8,magus_magus-iter2guide,2,526.0100
ROSE-1000L1,R8,magus_magus-iter3,3,662.7500
ROSE-1000L1,R8,magus_magus-iter3guide,3,706.4400
ROSE-1000L1,R8,magus_magus-iter4,4,851.1000
ROSE-1000L1,R9,magus_clustalo-iter0initi,0,4.1700
ROSE-1000L1,R9,magus_clustalo-iter1,1,272.4100
ROSE-1000L1,R9,magus_clustalo-iter1guide,1,307.2400
ROSE-1000L1,R9,magus_clustalo-iter2,2,549.9800
ROSE-1000L1,R9,magus_clustalo-iter2guide,2,576.2800
ROSE-1000L1,R9,magus_clustalo-iter3,3,834.7400
ROSE-1000L1,R9,magus_clustalo-iter3guide,3,860.6500
ROSE-1000L1,R9,magus_clustalo-iter4,4,1090.8200
ROSE-1000L1,R9,magus_default-iter0initi,0,119.8400
ROSE-1000L1,R9,magus_default-iter1,1,332.3700
ROSE-1000L1,R9,magus_magus-iter0initi,0,147.9200
ROSE-1000L1,R9,magus_magus-iter1,1,280.7400
ROSE-1000L1,R9,magus_magus-iter1guide,1,322.0300
ROSE-1000L1,R9,magus_magus-iter2,2,459.6200
ROSE-1000L1,R9,magus_magus-iter2guide,2,500.9400
ROSE-1000L1,R9,magus_magus-iter3,3,618.2700
ROSE-1000L1,R9,magus_magus-iter3guide,3,659.5100
ROSE-1000L1,R9,magus_magus-iter4,4,779.3500
ROSE-1000L2,R0,magus_clustalo-iter0initi,0,6.1800
ROSE-1000L2,R0,magus_clustalo-iter1,1,570.8200
ROSE-1000L2,R0,magus_clustalo-iter1guide,1,630.6800
ROSE-1000L2,R0,magus_clustalo-iter2,2,1126.9000
ROSE-1000L2,R0,magus_clustalo-iter2guide,2,1164.3600
ROSE-1000L2,R0,magus_clustalo-iter3,3,1660.8800
ROSE-1000L2,R0,magus_clustalo-iter3guide,3,1697.2100
ROSE-1000L2,R0,magus_clustalo-iter4,4,2196.0800
ROSE-1000L2,R0,magus_default-iter0initi,0,151.5500
ROSE-1000L2,R0,magus_default-iter1,1,581.8900
ROSE-1000L2,R0,magus_magus-iter0initi,0,105.9000
ROSE-1000L2,R0,magus_magus-iter1,1,226.4300
ROSE-1000L2,R0,magus_magus-iter1guide,1,260.1100
ROSE-1000L2,R0,magus_magus-iter2,2,387.2900
ROSE-1000L2,R0,magus_magus-iter2guide,2,419.5900
ROSE-1000L2,R0,magus_magus-iter3,3,559.3200
ROSE-1000L2,R0,magus_magus-iter3guide,3,592.3300
ROSE-1000L2,R0,magus_magus-iter4,4,720.8500
ROSE-1000L2,R1,magus_clustalo-iter0initi,0,5.1800
ROSE-1000L2,R1,magus_clustalo-iter1,1,282.6300
ROSE-1000L2,R1,magus_clustalo-iter1guide,1,311.4400
ROSE-1000L2,R1,magus_clustalo-iter2,2,596.4100
ROSE-1000L2,R1,magus_clustalo-iter2guide,2,621.3300
ROSE-1000L2,R1,magus_clustalo-iter3,3,884.1400
ROSE-1000L2,R1,magus_clustalo-iter3guide,3,908.6000
ROSE-1000L2,R1,magus_clustalo-iter4,4,1177.8400
ROSE-1000L2,R1,magus_default-iter0initi,0,129.1300
ROSE-1000L2,R1,magus_default-iter1,1,378.6100
ROSE-1000L2,R1,magus_magus-iter0initi,0,103.2300
ROSE-1000L2,R1,magus_magus-iter1,1,214.3200
ROSE-1000L2,R1,magus_magus-iter1guide,1,244.3300
ROSE-1000L2,R1,magus_magus-iter2,2,369.1000
ROSE-1000L2,R1,magus_magus-iter2guide,2,398.9900
ROSE-1000L2,R1,magus_magus-iter3,3,512.6800
ROSE-1000L2,R1,magus_magus-iter3guide,3,542.3700
ROSE-1000L2,R1,magus_magus-iter4,4,649.3800
ROSE-1000L2,R2,magus_clustalo-iter0initi,0,6.0800
ROSE-1000L2,R2,magus_clustalo-iter1,1,625.9400
ROSE-1000L2,R2,magus_clustalo-iter1guide,1,690.5100
ROSE-1000L2,R2,magus_clustalo-iter2,2,1171.4100
ROSE-1000L2,R2,magus_clustalo-iter2guide,2,1208.1400
ROSE-1000L2,R2,magus_clustalo-iter3,3,1686.6700
ROSE-1000L2,R2,magus_clustalo-iter3guide,3,1720.3200
ROSE-1000L2,R2,magus_clustalo-iter4,4,2130.2500
ROSE-1000L2,R2,magus_default-iter0initi,0,230.9400
ROSE-1000L2,R2,magus_default-iter1,1,796.3500
ROSE-1000L2,R2,magus_magus-iter0initi,0,129.8400
ROSE-1000L2,R2,magus_magus-iter1,1,304.4900
ROSE-1000L2,R2,magus_magus-iter1guide,1,337.4200
ROSE-1000L2,R2,magus_magus-iter2,2,495.3000
ROSE-1000L2,R2,magus_magus-iter2guide,2,527.5600
ROSE-1000L2,R2,magus_magus-iter3,3,693.6900
ROSE-1000L2,R2,magus_magus-iter3guide,3,725.8000
ROSE-1000L2,R2,magus_magus-iter4,4,876.9400
ROSE-1000L2,R3,magus_clustalo-iter0initi,0,5.6500
ROSE-1000L2,R3,magus_clustalo-iter1,1,362.0100
ROSE-1000L2,R3,magus_clustalo-iter1guide,1,392.9400
ROSE-1000L2,R3,magus_clustalo-iter2,2,729.4300
ROSE-1000L2,R3,magus_clustalo-iter2guide,2,752.5600
ROSE-1000L2,R3,magus_clustalo-iter3,3,1081.0800
ROSE-1000L2,R3,magus_clustalo-iter3guide,3,1103.9800
ROSE-1000L2,R3,magus_clustalo-iter4,4,1455.0600
ROSE-1000L2,R3,magus_default-iter0initi,0,163.8800
ROSE-1000L2,R3,magus_default-iter1,1,473.1100
ROSE-1000L2,R3,magus_magus-iter0initi,0,110.9300
ROSE-1000L2,R3,magus_magus-iter1,1,224.1300
ROSE-1000L2,R3,magus_magus-iter1guide,1,251.3400
ROSE-1000L2,R3,magus_magus-iter2,2,373.8800
ROSE-1000L2,R3,magus_magus-iter2guide,2,402.1300
ROSE-1000L2,R3,magus_magus-iter3,3,512.3500
ROSE-1000L2,R3,magus_magus-iter3guide,3,539.8500
ROSE-1000L2,R3,magus_magus-iter4,4,649.8400
ROSE-1000L2,R4,magus_clustalo-iter0initi,0,5.8400
ROSE-1000L2,R4,magus_clustalo-iter1,1,426.5700
ROSE-1000L2,R4,magus_clustalo-iter1guide,1,466.9100
ROSE-1000L2,R4,magus_clustalo-iter2,2,857.8600
ROSE-1000L2,R4,magus_clustalo-iter2guide,2,884.9700
ROSE-1000L2,R4,magus_clustalo-iter3,3,1314.8200
ROSE-1000L2,R4,magus_clustalo-iter3guide,3,1341.2600
ROSE-1000L2,R4,magus_clustalo-iter4,4,1740.4400
ROSE-1000L2,R4,magus_default-iter0initi,0,119.2600
ROSE-1000L2,R4,magus_default-iter1,1,412.6600
ROSE-1000L2,R4,magus_magus-iter0initi,0,143.6900
ROSE-1000L2,R4,magus_magus-iter1,1,264.7600
ROSE-1000L2,R4,magus_magus-iter1guide,1,296.6400
ROSE-1000L2,R4,magus_magus-iter2,2,425.0200
ROSE-1000L2,R4,magus_magus-iter2guide,2,456.6700
ROSE-1000L2,R4,magus_magus-iter3,3,591.1400
ROSE-1000L2,R4,magus_magus-iter3guide,3,623.2800
ROSE-1000L2,R4,magus_magus-iter4,4,747.3100
ROSE-1000L2,R5,magus_clustalo-iter0initi,0,4.4000
ROSE-1000L2,R5,magus_clustalo-iter1,1,251.4000
ROSE-1000L2,R5,magus_clustalo-iter1guide,1,275.4000
ROSE-1000L2,R5,magus_clustalo-iter2,2,514.5300
ROSE-1000L2,R5,magus_clustalo-iter2guide,2,533.3600
ROSE-1000L2,R5,magus_clustalo-iter3,3,771.6000
ROSE-1000L2,R5,magus_clustalo-iter3guide,3,790.4900
ROSE-1000L2,R5,magus_clustalo-iter4,4,1029.1600
ROSE-1000L2,R5,magus_default-iter0initi,0,149.9400
ROSE-1000L2,R5,magus_default-iter1,1,440.6200
ROSE-1000L2,R5,magus_magus-iter0initi,0,145.2400
ROSE-1000L2,R5,magus_magus-iter1,1,506.7300
ROSE-1000L2,R5,magus_magus-iter1guide,1,537.9400
ROSE-1000L2,R5,magus_magus-iter2,2,916.2000
ROSE-1000L2,R5,magus_magus-iter2guide,2,947.8300
ROSE-1000L2,R5,magus_magus-iter3,3,1309.6700
ROSE-1000L2,R5,magus_magus-iter3guide,3,1340.9300
ROSE-1000L2,R5,magus_magus-iter4,4,1716.5500
ROSE-1000L2,R6,magus_clustalo-iter0initi,0,5.4500
ROSE-1000L2,R6,magus_clustalo-iter1,1,291.1100
ROSE-1000L2,R6,magus_clustalo-iter1guide,1,322.1500
ROSE-1000L2,R6,magus_clustalo-iter2,2,642.2100
ROSE-1000L2,R6,magus_clustalo-iter2guide,2,668.7300
ROSE-1000L2,R6,magus_clustalo-iter3,3,956.0300
ROSE-1000L2,R6,magus_clustalo-iter3guide,3,982.7800
ROSE-1000L2,R6,magus_clustalo-iter4,4,1263.8600
ROSE-1000L2,R6,magus_default-iter0initi,0,125.8700
ROSE-1000L2,R6,magus_default-iter1,1,372.4700
ROSE-1000L2,R6,magus_magus-iter0initi,0,129.6700
ROSE-1000L2,R6,magus_magus-iter1,1,250.9200
ROSE-1000L2,R6,magus_magus-iter1guide,1,277.4500
ROSE-1000L2,R6,magus_magus-iter2,2,379.6700
ROSE-1000L2,R6,magus_magus-iter2guide,2,406.5800
ROSE-1000L2,R6,magus_magus-iter3,3,506.1400
ROSE-1000L2,R6,magus_magus-iter3guide,3,533.1000
ROSE-1000L2,R6,magus_magus-iter4,4,638.5500
ROSE-1000L2,R7,magus_clustalo-iter0initi,0,5.1300
ROSE-1000L2,R7,magus_clustalo-iter1,1,300.7100
ROSE-1000L2,R7,magus_clustalo-iter1guide,1,336.6200
ROSE-1000L2,R7,magus_clustalo-iter2,2,634.4400
ROSE-1000L2,R7,magus_clustalo-iter2guide,2,661.6600
ROSE-1000L2,R7,magus_clustalo-iter3,3,954.6800
ROSE-1000L2,R7,magus_clustalo-iter3guide,3,981.8700
ROSE-1000L2,R7,magus_clustalo-iter4,4,1272.9000
ROSE-1000L2,R7,magus_default-iter0initi,0,117.2000
ROSE-1000L2,R7,magus_default-iter1,1,453.4300
ROSE-1000L2,R7,magus_magus-iter0initi,0,85.8600
ROSE-1000L2,R7,magus_magus-iter1,1,202.0200
ROSE-1000L2,R7,magus_magus-iter1guide,1,228.1900
ROSE-1000L2,R7,magus_magus-iter2,2,320.2400
ROSE-1000L2,R7,magus_magus-iter2guide,2,346.4100
ROSE-1000L2,R7,magus_magus-iter3,3,444.6800
ROSE-1000L2,R7,magus_magus-iter3guide,3,470.9200
ROSE-1000L2,R7,magus_magus-iter4,4,572.6500
ROSE-1000L2,R8,magus_clustalo-iter0initi,0,5.1000
ROSE-1000L2,R8,magus_clustalo-iter1,1,280.5200
ROSE-1000L2,R8,magus_clustalo-iter1guide,1,314.3200
ROSE-1000L2,R8,magus_clustalo-iter2,2,601.8100
ROSE-1000L2,R8,magus_clustalo-iter2guide,2,630.9000
ROSE-1000L2,R8,magus_clustalo-iter3,3,940.6300
ROSE-1000L2,R8,magus_clustalo-iter3guide,3,969.6100
ROSE-1000L2,R8,magus_clustalo-iter4,4,1250.0100
ROSE-1000L2,R8,magus_default-iter0initi,0,137.5700
ROSE-1000L2,R8,magus_default-iter1,1,519.2300
ROSE-1000L2,R8,magus_magus-iter0initi,0,102.8400
ROSE-1000L2,R8,magus_magus-iter1,1,211.7700
ROSE-1000L2,R8,magus_magus-iter1guide,1,239.3500
ROSE-1000L2,R8,magus_magus-iter2,2,342.8500
ROSE-1000L2,R8,magus_magus-iter2guide,2,370.2100
ROSE-1000L2,R8,magus_magus-iter3,3,470.8500
ROSE-1000L2,R8,magus_magus-iter3guide,3,498.3800
ROSE-1000L2,R8,magus_magus-iter4,4,600.3000
ROSE-1000L2,R9,magus_clustalo-iter0initi,0,5.8800
ROSE-1000L2,R9,magus_clustalo-iter1,1,451.5000
ROSE-1000L2,R9,magus_clustalo-iter1guide,1,493.0900
ROSE-1000L2,R9,magus_clustalo-iter2,2,924.7000
ROSE-1000L2,R9,magus_clustalo-iter2guide,2,955.7500
ROSE-1000L2,R9,magus_clustalo-iter3,3,1355.7400
ROSE-1000L2,R9,magus_clustalo-iter3guide,3,1386.8300
ROSE-1000L2,R9,magus_clustalo-iter4,4,1854.1600
ROSE-1000L2,R9,magus_default-iter0initi,0,131.9800
ROSE-1000L2,R9,magus_default-iter1,1,360.7900
ROSE-1000L2,R9,magus_magus-iter0initi,0,99.0300
ROSE-1000L2,R9,magus_magus-iter1,1,201.7000
ROSE-1000L2,R9,magus_magus-iter1guide,1,230.8100
ROSE-1000L2,R9,magus_magus-iter2,2,345.5000
ROSE-1000L2,R9,magus_magus-iter2guide,2,374.4300
ROSE-1000L2,R9,magus_magus-iter3,3,478.0400
ROSE-1000L2,R9,magus_magus-iter3guide,3,507.1900
ROSE-1000L2,R9,magus_magus-iter4,4,606.2000
ROSE-1000L3,R0,magus_clustalo-iter0initi,0,6.0800
ROSE-1000L3,R0,magus_clustalo-iter1,1,668.0500
ROSE-1000L3,R0,magus_clustalo-iter1guide,1,763.7100
ROSE-1000L3,R0,magus_clustalo-iter2,2,1310.4300
ROSE-1000L3,R0,magus_clustalo-iter2guide,2,1384.3600
ROSE-1000L3,R0,magus_clustalo-iter3,3,1948.1300
ROSE-1000L3,R0,magus_clustalo-iter3guide,3,2021.3100
ROSE-1000L3,R0,magus_clustalo-iter4,4,2607.5000
ROSE-1000L3,R0,magus_default-iter0initi,0,252.2500
ROSE-1000L3,R0,magus_default-iter1,1,655.8500
ROSE-1000L3,R0,magus_magus-iter0initi,0,148.8700
ROSE-1000L3,R0,magus_magus-iter1,1,293.5000
ROSE-1000L3,R0,magus_magus-iter1guide,1,358.4500
ROSE-1000L3,R0,magus_magus-iter2,2,506.6200
ROSE-1000L3,R0,magus_magus-iter2guide,2,571.2300
ROSE-1000L3,R0,magus_magus-iter3,3,701.7900
ROSE-1000L3,R0,magus_magus-iter3guide,3,766.7500
ROSE-1000L3,R0,magus_magus-iter4,4,927.6000
ROSE-1000L3,R1,magus_clustalo-iter0initi,0,5.9400
ROSE-1000L3,R1,magus_clustalo-iter1,1,403.6100
ROSE-1000L3,R1,magus_clustalo-iter1guide,1,478.2500
ROSE-1000L3,R1,magus_clustalo-iter2,2,866.4600
ROSE-1000L3,R1,magus_clustalo-iter2guide,2,929.8100
ROSE-1000L3,R1,magus_clustalo-iter3,3,1307.3900
ROSE-1000L3,R1,magus_clustalo-iter3guide,3,1370.7600
ROSE-1000L3,R1,magus_clustalo-iter4,4,1775.5900
ROSE-1000L3,R1,magus_default-iter0initi,0,215.8900
ROSE-1000L3,R1,magus_default-iter1,1,723.2200
ROSE-1000L3,R1,magus_magus-iter0initi,0,145.6900
ROSE-1000L3,R1,magus_magus-iter1,1,286.8100
ROSE-1000L3,R1,magus_magus-iter1guide,1,348.6400
ROSE-1000L3,R1,magus_magus-iter2,2,487.1100
ROSE-1000L3,R1,magus_magus-iter2guide,2,547.9700
ROSE-1000L3,R1,magus_magus-iter3,3,680.1100
ROSE-1000L3,R1,magus_magus-iter3guide,3,740.8600
ROSE-1000L3,R1,magus_magus-iter4,4,878.6900
ROSE-1000L3,R2,magus_clustalo-iter0initi,0,5.6500
ROSE-1000L3,R2,magus_clustalo-iter1,1,435.1400
ROSE-1000L3,R2,magus_clustalo-iter1guide,1,528.2600
ROSE-1000L3,R2,magus_clustalo-iter2,2,938.0200
ROSE-1000L3,R2,magus_clustalo-iter2guide,2,1012.1700
ROSE-1000L3,R2,magus_clustalo-iter3,3,1425.9000
ROSE-1000L3,R2,magus_clustalo-iter3guide,3,1502.2100
ROSE-1000L3,R2,magus_clustalo-iter4,4,1932.2800
ROSE-1000L3,R2,magus_default-iter0initi,0,221.3800
ROSE-1000L3,R2,magus_default-iter1,1,643.3500
ROSE-1000L3,R2,magus_magus-iter0initi,0,142.1200
ROSE-1000L3,R2,magus_magus-iter1,1,294.9000
ROSE-1000L3,R2,magus_magus-iter1guide,1,363.3200
ROSE-1000L3,R2,magus_magus-iter2,2,544.2000
ROSE-1000L3,R2,magus_magus-iter2guide,2,612.1900
ROSE-1000L3,R2,magus_magus-iter3,3,773.6100
ROSE-1000L3,R2,magus_magus-iter3guide,3,842.2400
ROSE-1000L3,R2,magus_magus-iter4,4,983.3000
ROSE-1000L3,R3,magus_clustalo-iter0initi,0,5.6800
ROSE-1000L3,R3,magus_clustalo-iter1,1,485.9200
ROSE-1000L3,R3,magus_clustalo-iter1guide,1,544.1100
ROSE-1000L3,R3,magus_clustalo-iter2,2,962.6000
ROSE-1000L3,R3,magus_clustalo-iter2guide,2,1013.7800
ROSE-1000L3,R3,magus_clustalo-iter3,3,1408.5400
ROSE-1000L3,R3,magus_clustalo-iter3guide,3,1458.4600
ROSE-1000L3,R3,magus_clustalo-iter4,4,1834.0400
ROSE-1000L3,R3,magus_default-iter0initi,0,194.8500
ROSE-1000L3,R3,magus_default-iter1,1,700.0800
ROSE-1000L3,R3,magus_magus-iter0initi,0,180.1100
ROSE-1000L3,R3,magus_magus-iter1,1,316.9200
ROSE-1000L3,R3,magus_magus-iter1guide,1,376.2500
ROSE-1000L3,R3,magus_magus-iter2,2,496.9200
ROSE-1000L3,R3,magus_magus-iter2guide,2,555.2800
ROSE-1000L3,R3,magus_magus-iter3,3,668.9800
ROSE-1000L3,R3,magus_magus-iter3guide,3,728.2500
ROSE-1000L3,R3,magus_magus-iter4,4,861.0600
ROSE-1000L3,R4,magus_clustalo-iter0initi,0,5.1000
ROSE-1000L3,R4,magus_clustalo-iter1,1,373.2000
ROSE-1000L3,R4,magus_clustalo-iter1guide,1,431.7400
ROSE-1000L3,R4,magus_clustalo-iter2,2,749.6900
ROSE-1000L3,R4,magus_clustalo-iter2guide,2,798.3800
ROSE-1000L3,R4,magus_clustalo-iter3,3,1114.9900
ROSE-1000L3,R4,magus_clustalo-iter3guide,3,1164.0600
ROSE-1000L3,R4,magus_clustalo-iter4,4,1468.6600
ROSE-1000L3,R4,magus_default-iter0initi,0,237.7200
ROSE-1000L3,R4,magus_default-iter1,1,807.7000
ROSE-1000L3,R4,magus_magus-iter0initi,0,137.6100
ROSE-1000L3,R4,magus_magus-iter1,1,284.1400
ROSE-1000L3,R4,magus_magus-iter1guide,1,356.4800
ROSE-1000L3,R4,magus_magus-iter2,2,519.3500
ROSE-1000L3,R4,magus_magus-iter2guide,2,592.0200
ROSE-1000L3,R4,magus_magus-iter3,3,774.1000
ROSE-1000L3,R4,magus_magus-iter3guide,3,846.0500
ROSE-1000L3,R4,magus_magus-iter4,4,1006.3700
ROSE-1000L3,R5,magus_clustalo-iter0initi,0,6.3500
ROSE-1000L3,R5,magus_clustalo-iter1,1,676.1800
ROSE-1000L3,R5,magus_clustalo-iter1guide,1,767.9400
ROSE-1000L3,R5,magus_clustalo-iter2,2,1326.2500
ROSE-1000L3,R5,magus_clustalo-iter2guide,2,1398.4500
ROSE-1000L3,R5,magus_clustalo-iter3,3,1959.7700
ROSE-1000L3,R5,magus_clustalo-iter3guide,3,2030.0100
ROSE-1000L3,R5,magus_clustalo-iter4,4,2541.7400
ROSE-1000L3,R5,magus_default-iter0initi,0,192.0000
ROSE-1000L3,R5,magus_default-iter1,1,635.2100
ROSE-1000L3,R5,magus_magus-iter0initi,0,229.0500
ROSE-1000L3,R5,magus_magus-iter1,1,408.5600
ROSE-1000L3,R5,magus_magus-iter1guide,1,477.6400
ROSE-1000L3,R5,magus_magus-iter2,2,642.4700
ROSE-1000L3,R5,magus_magus-iter2guide,2,712.1600
ROSE-1000L3,R5,magus_magus-iter3,3,891.8800
ROSE-1000L3,R5,magus_magus-iter3guide,3,961.4700
ROSE-1000L3,R5,magus_magus-iter4,4,1162.5500
ROSE-1000L3,R6,magus_clustalo-iter0initi,0,4.5600
ROSE-1000L3,R6,magus_clustalo-iter1,1,334.8000
ROSE-1000L3,R6,magus_clustalo-iter1guide,1,384.9900
ROSE-1000L3,R6,magus_clustalo-iter2,2,682.9600
ROSE-1000L3,R6,magus_clustalo-iter2guide,2,724.4000
ROSE-1000L3,R6,magus_clustalo-iter3,3,975.8500
ROSE-1000L3,R6,magus_clustalo-iter3guide,3,1016.3500
ROSE-1000L3,R6,magus_clustalo-iter4,4,1298.6900
ROSE-1000L3,R6,magus_default-iter0initi,0,173.7700
ROSE-1000L3,R6,magus_default-iter1,1,528.1100
ROSE-1000L3,R6,magus_magus-iter0initi,0,190.3500
ROSE-1000L3,R6,magus_magus-iter1,1,323.5500
ROSE-1000L3,R6,magus_magus-iter1guide,1,388.1900
ROSE-1000L3,R6,magus_magus-iter2,2,523.2700
ROSE-1000L3,R6,magus_magus-iter2guide,2,588.0500
ROSE-1000L3,R6,magus_magus-iter3,3,731.9800
ROSE-1000L3,R6,magus_magus-iter3guide,3,797.2800
ROSE-1000L3,R6,magus_magus-iter4,4,930.0400
ROSE-1000L3,R7,magus_clustalo-iter0initi,0,5.9700
ROSE-1000L3,R7,magus_clustalo-iter1,1,418.7900
ROSE-1000L3,R7,magus_clustalo-iter1guide,1,495.1800
ROSE-1000L3,R7,magus_clustalo-iter2,2,852.6300
ROSE-1000L3,R7,magus_clustalo-iter2guide,2,916.0800
ROSE-1000L3,R7,magus_clustalo-iter3,3,1268.4900
ROSE-1000L3,R7,magus_clustalo-iter3guide,3,1332.9300
ROSE-1000L3,R7,magus_clustalo-iter4,4,1690.2000
ROSE-1000L3,R7,magus_default-iter0initi,0,161.2300
ROSE-1000L3,R7,magus_default-iter1,1,509.0500
ROSE-1000L3,R7,magus_magus-iter0initi,0,135.6100
ROSE-1000L3,R7,magus_magus-iter1,1,263.0200
ROSE-1000L3,R7,magus_magus-iter1guide,1,328.9600
ROSE-1000L3,R7,magus_magus-iter2,2,480.0300
ROSE-1000L3,R7,magus_magus-iter2guide,2,544.8100
ROSE-1000L3,R7,magus_magus-iter3,3,693.8200
ROSE-1000L3,R7,magus_magus-iter3guide,3,758.2600
ROSE-1000L3,R7,magus_magus-iter4,4,883.0500
ROSE-1000L3,R8,magus_clustalo-iter0initi,0,6.1600
ROSE-1000L3,R8,magus_clustalo-iter1,1,432.2700
ROSE-1000L3,R8,magus_clustalo-iter1guide,1,516.4400
ROSE-1000L3,R8,magus_clustalo-iter2,2,930.2000
ROSE-1000L3,R8,magus_clustalo-iter2guide,2,991.1900
ROSE-1000L3,R8,magus_clustalo-iter3,3,1367.8900
ROSE-1000L3,R8,magus_clustalo-iter3guide,3,1427.5100
ROSE-1000L3,R8,magus_clustalo-iter4,4,1823.1400
ROSE-1000L3,R8,magus_default-iter0initi,0,225.8300
ROSE-1000L3,R8,magus_default-iter1,1,661.6800
ROSE-1000L3,R8,magus_magus-iter0initi,0,146.5600
ROSE-1000L3,R8,magus_magus-iter1,1,321.1900
ROSE-1000L3,R8,magus_magus-iter1guide,1,393.4700
ROSE-1000L3,R8,magus_magus-iter2,2,555.1300
ROSE-1000L3,R8,magus_magus-iter2guide,2,627.9900
ROSE-1000L3,R8,magus_magus-iter3,3,811.9200
ROSE-1000L3,R8,magus_magus-iter3guide,3,884.0500
ROSE-1000L3,R8,magus_magus-iter4,4,1046.2400
ROSE-1000L3,R9,magus_clustalo-iter0initi,0,5.7100
ROSE-1000L3,R9,magus_clustalo-iter1,1,402.9100
ROSE-1000L3,R9,magus_clustalo-iter1guide,1,470.9800
ROSE-1000L3,R9,magus_clustalo-iter2,2,838.4600
ROSE-1000L3,R9,magus_clustalo-iter2guide,2,900.1300
ROSE-1000L3,R9,magus_clustalo-iter3,3,1271.1800
ROSE-1000L3,R9,magus_clustalo-iter3guide,3,1333.3300
ROSE-1000L3,R9,magus_clustalo-iter4,4,1689.9000
ROSE-1000L3,R9,magus_default-iter0initi,0,177.2300
ROSE-1000L3,R9,magus_default-iter1,1,470.6600
ROSE-1000L3,R9,magus_magus-iter0initi,0,137.8200
ROSE-1000L3,R9,magus_magus-iter1,1,281.9300
ROSE-1000L3,R9,magus_magus-iter1guide,1,345.6200
ROSE-1000L3,R9,magus_magus-iter2,2,462.3300
ROSE-1000L3,R9,magus_magus-iter2guide,2,526.2400
ROSE-1000L3,R9,magus_magus-iter3,3,662.6400
ROSE-1000L3,R9,magus_magus-iter3guide,3,727.2000
ROSE-1000L3,R9,magus_magus-iter4,4,857.5300
ROSE-1000M2,R0,magus_clustalo-iter0initi,0,5.3400
ROSE-1000M2,R0,magus_clustalo-iter1,1,362.5400
ROSE-1000M2,R0,magus_clustalo-iter1guide,1,408.6100
ROSE-1000M2,R0,magus_clustalo-iter2,2,737.5900
ROSE-1000M2,R0,magus_clustalo-iter2guide,2,776.8900
ROSE-1000M2,R0,magus_clustalo-iter3,3,1099.4800
ROSE-1000M2,R0,magus_clustalo-iter3guide,3,1137.9100
ROSE-1000M2,R0,magus_clustalo-iter4,4,1501.2700
ROSE-1000M2,R0,magus_default-iter0initi,0,160.0500
ROSE-1000M2,R0,magus_default-iter1,1,656.5600
ROSE-1000M2,R0,magus_magus-iter0initi,0,101.7000
ROSE-1000M2,R0,magus_magus-iter1,1,230.3300
ROSE-1000M2,R0,magus_magus-iter1guide,1,275.5200
ROSE-1000M2,R0,magus_magus-iter2,2,386.9000
ROSE-1000M2,R0,magus_magus-iter2guide,2,431.7600
ROSE-1000M2,R0,magus_magus-iter3,3,545.4900
ROSE-1000M2,R0,magus_magus-iter3guide,3,590.9700
ROSE-1000M2,R0,magus_magus-iter4,4,703.5300
ROSE-1000M2,R1,magus_clustalo-iter0initi,0,5.9800
ROSE-1000M2,R1,magus_clustalo-iter1,1,503.6300
ROSE-1000M2,R1,magus_clustalo-iter1guide,1,571.2900
ROSE-1000M2,R1,magus_clustalo-iter2,2,1005.6500
ROSE-1000M2,R1,magus_clustalo-iter2guide,2,1059.6900
ROSE-1000M2,R1,magus_clustalo-iter3,3,1527.7000
ROSE-1000M2,R1,magus_clustalo-iter3guide,3,1580.0600
ROSE-1000M2,R1,magus_clustalo-iter4,4,2040.0500
ROSE-1000M2,R1,magus_default-iter0initi,0,146.3800
ROSE-1000M2,R1,magus_default-iter1,1,425.3500
ROSE-1000M2,R1,magus_magus-iter0initi,0,129.1400
ROSE-1000M2,R1,magus_magus-iter1,1,251.4300
ROSE-1000M2,R1,magus_magus-iter1guide,1,297.4000
ROSE-1000M2,R1,magus_magus-iter2,2,416.5700
ROSE-1000M2,R1,magus_magus-iter2guide,2,462.4600
ROSE-1000M2,R1,magus_magus-iter3,3,572.0400
ROSE-1000M2,R1,magus_magus-iter3guide,3,618.0400
ROSE-1000M2,R1,magus_magus-iter4,4,729.8000
ROSE-1000M2,R2,magus_clustalo-iter0initi,0,4.5000
ROSE-1000M2,R2,magus_clustalo-iter1,1,260.9400
ROSE-1000M2,R2,magus_clustalo-iter1guide,1,298.4900
ROSE-1000M2,R2,magus_clustalo-iter2,2,507.7400
ROSE-1000M2,R2,magus_clustalo-iter2guide,2,540.0300
ROSE-1000M2,R2,magus_clustalo-iter3,3,756.3600
ROSE-1000M2,R2,magus_clustalo-iter3guide,3,788.1100
ROSE-1000M2,R2,magus_clustalo-iter4,4,1014.8600
ROSE-1000M2,R2,magus_default-iter0initi,0,154.8900
ROSE-1000M2,R2,magus_default-iter1,1,448.8100
ROSE-1000M2,R2,magus_magus-iter0initi,0,125.5500
ROSE-1000M2,R2,magus_magus-iter1,1,228.2100
ROSE-1000M2,R2,magus_magus-iter1guide,1,273.1400
ROSE-1000M2,R2,magus_magus-iter2,2,376.1600
ROSE-1000M2,R2,magus_magus-iter2guide,2,422.2000
ROSE-1000M2,R2,magus_magus-iter3,3,540.7500
ROSE-1000M2,R2,magus_magus-iter3guide,3,586.2800
ROSE-1000M2,R2,magus_magus-iter4,4,697.3400
ROSE-1000M2,R3,magus_clustalo-iter0initi,0,5.9200
ROSE-1000M2,R3,magus_clustalo-iter1,1,496.7200
ROSE-1000M2,R3,magus_clustalo-iter1guide,1,556.0000
ROSE-1000M2,R3,magus_clustalo-iter2,2,1045.8800
ROSE-1000M2,R3,magus_clustalo-iter2guide,2,1092.0400
ROSE-1000M2,R3,magus_clustalo-iter3,3,1554.5800
ROSE-1000M2,R3,magus_clustalo-iter3guide,3,1601.3600
ROSE-1000M2,R3,magus_clustalo-iter4,4,2026.5100
ROSE-1000M2,R3,magus_default-iter0initi,0,149.3000
ROSE-1000M2,R3,magus_default-iter1,1,549.3100
ROSE-1000M2,R3,magus_magus-iter0initi,0,119.3200
ROSE-1000M2,R3,magus_magus-iter1,1,247.4600
ROSE-1000M2,R3,magus_magus-iter1guide,1,289.1400
ROSE-1000M2,R3,magus_magus-iter2,2,422.5100
ROSE-1000M2,R3,magus_magus-iter2guide,2,464.3300
ROSE-1000M2,R3,magus_magus-iter3,3,609.0800
ROSE-1000M2,R3,magus_magus-iter3guide,3,651.1300
ROSE-1000M2,R3,magus_magus-iter4,4,758.2100
ROSE-1000M2,R4,magus_clustalo-iter0initi,0,5.1400
ROSE-1000M2,R4,magus_clustalo-iter1,1,352.3100
ROSE-1000M2,R4,magus_clustalo-iter1guide,1,400.2500
ROSE-1000M2,R4,magus_clustalo-iter2,2,715.7600
ROSE-1000M2,R4,magus_clustalo-iter2guide,2,760.2200
ROSE-1000M2,R4,magus_clustalo-iter3,3,1077.5500
ROSE-1000M2,R4,magus_clustalo-iter3guide,3,1121.7600
ROSE-1000M2,R4,magus_clustalo-iter4,4,1444.5800
ROSE-1000M2,R4,magus_default-iter0initi,0,136.8700
ROSE-1000M2,R4,magus_default-iter1,1,461.5700
ROSE-1000M2,R4,magus_magus-iter0initi,0,131.0200
ROSE-1000M2,R4,magus_magus-iter1,1,236.4900
ROSE-1000M2,R4,magus_magus-iter1guide,1,277.9300
ROSE-1000M2,R4,magus_magus-iter2,2,379.0100
ROSE-1000M2,R4,magus_magus-iter2guide,2,420.7300
ROSE-1000M2,R4,magus_magus-iter3,3,512.9200
ROSE-1000M2,R4,magus_magus-iter3guide,3,554.1600
ROSE-1000M2,R4,magus_magus-iter4,4,669.4900
ROSE-1000M2,R5,magus_clustalo-iter0initi,0,5.9500
ROSE-1000M2,R5,magus_clustalo-iter1,1,515.5900
ROSE-1000M2,R5,magus_clustalo-iter1guide,1,578.0000
ROSE-1000M2,R5,magus_clustalo-iter2,2,1084.2300
ROSE-1000M2,R5,magus_clustalo-iter2guide,2,1135.8800
ROSE-1000M2,R5,magus_clustalo-iter3,3,1611.9500
ROSE-1000M2,R5,magus_clustalo-iter3guide,3,1663.9400
ROSE-1000M2,R5,magus_clustalo-iter4,4,2142.9600
ROSE-1000M2,R5,magus_default-iter0initi,0,168.1600
ROSE-1000M2,R5,magus_default-iter1,1,526.8400
ROSE-1000M2,R5,magus_magus-iter0initi,0,169.5900
ROSE-1000M2,R5,magus_magus-iter1,1,296.1800
ROSE-1000M2,R5,magus_magus-iter1guide,1,342.3400
ROSE-1000M2,R5,magus_magus-iter2,2,463.9000
ROSE-1000M2,R5,magus_magus-iter2guide,2,509.6600
ROSE-1000M2,R5,magus_magus-iter3,3,638.2500
ROSE-1000M2,R5,magus_magus-iter3guide,3,683.6700
ROSE-1000M2,R5,magus_magus-iter4,4,793.9600
ROSE-1000M2,R6,magus_clustalo-iter0initi,0,5.0900
ROSE-1000M2,R6,magus_clustalo-iter1,1,357.0700
ROSE-1000M2,R6,magus_clustalo-iter1guide,1,404.5600
ROSE-1000M2,R6,magus_clustalo-iter2,2,735.4600
ROSE-1000M2,R6,magus_clustalo-iter2guide,2,777.0700
ROSE-1000M2,R6,magus_clustalo-iter3,3,1140.1300
ROSE-1000M2,R6,magus_clustalo-iter3guide,3,1181.5600
ROSE-1000M2,R6,magus_clustalo-iter4,4,1542.1900
ROSE-1000M2,R6,magus_default-iter0initi,0,133.6000
ROSE-1000M2,R6,magus_default-iter1,1,438.2300
ROSE-1000M2,R6,magus_magus-iter0initi,0,97.3900
ROSE-1000M2,R6,magus_magus-iter1,1,202.2400
ROSE-1000M2,R6,magus_magus-iter1guide,1,242.1100
ROSE-1000M2,R6,magus_magus-iter2,2,356.5800
ROSE-1000M2,R6,magus_magus-iter2guide,2,396.4900
ROSE-1000M2,R6,magus_magus-iter3,3,500.0300
ROSE-1000M2,R6,magus_magus-iter3guide,3,540.3600
ROSE-1000M2,R6,magus_magus-iter4,4,661.3700
ROSE-1000M2,R7,magus_clustalo-iter0initi,0,4.9700
ROSE-1000M2,R7,magus_clustalo-iter1,1,377.6400
ROSE-1000M2,R7,magus_clustalo-iter1guide,1,422.8100
ROSE-1000M2,R7,magus_clustalo-iter2,2,811.4400
ROSE-1000M2,R7,magus_clustalo-iter2guide,2,852.8500
ROSE-1000M2,R7,magus_clustalo-iter3,3,1209.0000
ROSE-1000M2,R7,magus_clustalo-iter3guide,3,1250.0300
ROSE-1000M2,R7,magus_clustalo-iter4,4,1593.1000
ROSE-1000M2,R7,magus_default-iter0initi,0,107.4600
ROSE-1000M2,R7,magus_default-iter1,1,364.3300
ROSE-1000M2,R7,magus_magus-iter0initi,0,87.7100
ROSE-1000M2,R7,magus_magus-iter1,1,178.5900
ROSE-1000M2,R7,magus_magus-iter1guide,1,215.3300
ROSE-1000M2,R7,magus_magus-iter2,2,309.5100
ROSE-1000M2,R7,magus_magus-iter2guide,2,346.4400
ROSE-1000M2,R7,magus_magus-iter3,3,439.1000
ROSE-1000M2,R7,magus_magus-iter3guide,3,476.2100
ROSE-1000M2,R7,magus_magus-iter4,4,573.6500
ROSE-1000M2,R8,magus_clustalo-iter0initi,0,5.3700
ROSE-1000M2,R8,magus_clustalo-iter1,1,375.4400
ROSE-1000M2,R8,magus_clustalo-iter1guide,1,436.4700
ROSE-1000M2,R8,magus_clustalo-iter2,2,805.6700
ROSE-1000M2,R8,magus_clustalo-iter2guide,2,852.8900
ROSE-1000M2,R8,magus_clustalo-iter3,3,1208.0700
ROSE-1000M2,R8,magus_clustalo-iter3guide,3,1253.8700
ROSE-1000M2,R8,magus_clustalo-iter4,4,1626.7800
ROSE-1000M2,R8,magus_default-iter0initi,0,111.9500
ROSE-1000M2,R8,magus_default-iter1,1,344.9700
ROSE-1000M2,R8,magus_magus-iter0initi,0,137.9000
ROSE-1000M2,R8,magus_magus-iter1,1,258.3000
ROSE-1000M2,R8,magus_magus-iter1guide,1,302.4500
ROSE-1000M2,R8,magus_magus-iter2,2,413.2700
ROSE-1000M2,R8,magus_magus-iter2guide,2,458.3000
ROSE-1000M2,R8,magus_magus-iter3,3,571.9000
ROSE-1000M2,R8,magus_magus-iter3guide,3,617.0300
ROSE-1000M2,R8,magus_magus-iter4,4,730.7100
ROSE-1000M2,R9,magus_clustalo-iter0initi,0,5.5400
ROSE-1000M2,R9,magus_clustalo-iter1,1,300.6600
ROSE-1000M2,R9,magus_clustalo-iter1guide,1,350.6200
ROSE-1000M2,R9,magus_clustalo-iter2,2,667.7700
ROSE-1000M2,R9,magus_clustalo-iter2guide,2,709.1600
ROSE-1000M2,R9,magus_clustalo-iter3,3,999.4400
ROSE-1000M2,R9,magus_clustalo-iter3guide,3,1040.1200
ROSE-1000M2,R9,magus_clustalo-iter4,4,1347.9900
ROSE-1000M2,R9,magus_default-iter0initi,0,138.6000
ROSE-1000M2,R9,magus_default-iter1,1,539.1300
ROSE-1000M2,R9,magus_magus-iter0initi,0,161.0300
ROSE-1000M2,R9,magus_magus-iter1,1,279.6600
ROSE-1000M2,R9,magus_magus-iter1guide,1,320.2500
ROSE-1000M2,R9,magus_magus-iter2,2,435.1100
ROSE-1000M2,R9,magus_magus-iter2guide,2,475.6100
ROSE-1000M2,R9,magus_magus-iter3,3,597.2800
ROSE-1000M2,R9,magus_magus-iter3guide,3,637.3900
ROSE-1000M2,R9,magus_magus-iter4,4,733.8500
ROSE-1000M3,R0,magus_clustalo-iter0initi,0,4.4500
ROSE-1000M3,R0,magus_clustalo-iter1,1,265.7200
ROSE-1000M3,R0,magus_clustalo-iter1guide,1,298.6800
ROSE-1000M3,R0,magus_clustalo-iter2,2,587.0300
ROSE-1000M3,R0,magus_clustalo-iter2guide,2,618.5100
ROSE-1000M3,R0,magus_clustalo-iter3,3,897.9700
ROSE-1000M3,R0,magus_clustalo-iter3guide,3,928.9900
ROSE-1000M3,R0,magus_clustalo-iter4,4,1191.8800
ROSE-1000M3,R0,magus_default-iter0initi,0,115.0500
ROSE-1000M3,R0,magus_default-iter1,1,399.9700
ROSE-1000M3,R0,magus_magus-iter0initi,0,93.9000
ROSE-1000M3,R0,magus_magus-iter1,1,187.0700
ROSE-1000M3,R0,magus_magus-iter1guide,1,217.1300
ROSE-1000M3,R0,magus_magus-iter2,2,302.7300
ROSE-1000M3,R0,magus_magus-iter2guide,2,332.5100
ROSE-1000M3,R0,magus_magus-iter3,3,421.5800
ROSE-1000M3,R0,magus_magus-iter3guide,3,451.2100
ROSE-1000M3,R0,magus_magus-iter4,4,537.4200
ROSE-1000M3,R1,magus_clustalo-iter0initi,0,3.7500
ROSE-1000M3,R1,magus_clustalo-iter1,1,169.5000
ROSE-1000M3,R1,magus_clustalo-iter1guide,1,190.1400
ROSE-1000M3,R1,magus_clustalo-iter2,2,360.5300
ROSE-1000M3,R1,magus_clustalo-iter2guide,2,381.1100
ROSE-1000M3,R1,magus_clustalo-iter3,3,558.4800
ROSE-1000M3,R1,magus_clustalo-iter3guide,3,579.0900
ROSE-1000M3,R1,magus_clustalo-iter4,4,748.8400
ROSE-1000M3,R1,magus_default-iter0initi,0,127.2400
ROSE-1000M3,R1,magus_default-iter1,1,466.0000
ROSE-1000M3,R1,magus_magus-iter0initi,0,111.7300
ROSE-1000M3,R1,magus_magus-iter1,1,192.2600
ROSE-1000M3,R1,magus_magus-iter1guide,1,224.2300
ROSE-1000M3,R1,magus_magus-iter2,2,313.8900
ROSE-1000M3,R1,magus_magus-iter2guide,2,345.6400
ROSE-1000M3,R1,magus_magus-iter3,3,436.8400
ROSE-1000M3,R1,magus_magus-iter3guide,3,468.5600
ROSE-1000M3,R1,magus_magus-iter4,4,551.4800
ROSE-1000M3,R2,magus_clustalo-iter0initi,0,4.7000
ROSE-1000M3,R2,magus_clustalo-iter1,1,353.5400
ROSE-1000M3,R2,magus_clustalo-iter1guide,1,394.6800
ROSE-1000M3,R2,magus_clustalo-iter2,2,741.8600
ROSE-1000M3,R2,magus_clustalo-iter2guide,2,779.9600
ROSE-1000M3,R2,magus_clustalo-iter3,3,1123.2200
ROSE-1000M3,R2,magus_clustalo-iter3guide,3,1161.1300
ROSE-1000M3,R2,magus_clustalo-iter4,4,1504.9000
ROSE-1000M3,R2,magus_default-iter0initi,0,120.2300
ROSE-1000M3,R2,magus_default-iter1,1,369.8000
ROSE-1000M3,R2,magus_magus-iter0initi,0,102.1000
ROSE-1000M3,R2,magus_magus-iter1,1,215.8900
ROSE-1000M3,R2,magus_magus-iter1guide,1,252.1200
ROSE-1000M3,R2,magus_magus-iter2,2,349.5000
ROSE-1000M3,R2,magus_magus-iter2guide,2,385.6500
ROSE-1000M3,R2,magus_magus-iter3,3,486.8600
ROSE-1000M3,R2,magus_magus-iter3guide,3,523.0000
ROSE-1000M3,R2,magus_magus-iter4,4,626.0900
ROSE-1000M3,R3,magus_clustalo-iter0initi,0,3.8700
ROSE-1000M3,R3,magus_clustalo-iter1,1,186.4800
ROSE-1000M3,R3,magus_clustalo-iter1guide,1,210.2700
ROSE-1000M3,R3,magus_clustalo-iter2,2,408.4200
ROSE-1000M3,R3,magus_clustalo-iter2guide,2,430.1800
ROSE-1000M3,R3,magus_clustalo-iter3,3,617.7900
ROSE-1000M3,R3,magus_clustalo-iter3guide,3,640.0000
ROSE-1000M3,R3,magus_clustalo-iter4,4,826.8400
ROSE-1000M3,R3,magus_default-iter0initi,0,140.7900
ROSE-1000M3,R3,magus_default-iter1,1,511.3900
ROSE-1000M3,R3,magus_magus-iter0initi,0,92.8100
ROSE-1000M3,R3,magus_magus-iter1,1,187.7500
ROSE-1000M3,R3,magus_magus-iter1guide,1,220.8800
ROSE-1000M3,R3,magus_magus-iter2,2,326.7600
ROSE-1000M3,R3,magus_magus-iter2guide,2,360.3000
ROSE-1000M3,R3,magus_magus-iter3,3,464.9100
ROSE-1000M3,R3,magus_magus-iter3guide,3,498.6100
ROSE-1000M3,R3,magus_magus-iter4,4,591.5600
ROSE-1000M3,R4,magus_clustalo-iter0initi,0,4.5400
ROSE-1000M3,R4,magus_clustalo-iter1,1,279.3900
ROSE-1000M3,R4,magus_clustalo-iter1guide,1,313.6700
ROSE-1000M3,R4,magus_clustalo-iter2,2,570.9400
ROSE-1000M3,R4,magus_clustalo-iter2guide,2,604.5900
ROSE-1000M3,R4,magus_clustalo-iter3,3,885.3300
ROSE-1000M3,R4,magus_clustalo-iter3guide,3,918.7000
ROSE-1000M3,R4,magus_clustalo-iter4,4,1187.4800
ROSE-1000M3,R4,magus_default-iter0initi,0,121.7900
ROSE-1000M3,R4,magus_default-iter1,1,333.1800
ROSE-1000M3,R4,magus_magus-iter0initi,0,105.4900
ROSE-1000M3,R4,magus_magus-iter1,1,195.5400
ROSE-1000M3,R4,magus_magus-iter1guide,1,227.3600
ROSE-1000M3,R4,magus_magus-iter2,2,309.6500
ROSE-1000M3,R4,magus_magus-iter2guide,2,341.2900
ROSE-1000M3,R4,magus_magus-iter3,3,424.9600
ROSE-1000M3,R4,magus_magus-iter3guide,3,456.5000
ROSE-1000M3,R4,magus_magus-iter4,4,536.1300
ROSE-1000M3,R5,magus_clustalo-iter0initi,0,4.9700
ROSE-1000M3,R5,magus_clustalo-iter1,1,253.2500
ROSE-1000M3,R5,magus_clustalo-iter1guide,1,287.6500
ROSE-1000M3,R5,magus_clustalo-iter2,2,536.8300
ROSE-1000M3,R5,magus_clustalo-iter2guide,2,569.6900
ROSE-1000M3,R5,magus_clustalo-iter3,3,824.3300
ROSE-1000M3,R5,magus_clustalo-iter3guide,3,857.2800
ROSE-1000M3,R5,magus_clustalo-iter4,4,1083.6000
ROSE-1000M3,R5,magus_default-iter0initi,0,122.3700
ROSE-1000M3,R5,magus_default-iter1,1,451.5600
ROSE-1000M3,R5,magus_magus-iter0initi,0,84.9000
ROSE-1000M3,R5,magus_magus-iter1,1,173.2600
ROSE-1000M3,R5,magus_magus-iter1guide,1,205.9200
ROSE-1000M3,R5,magus_magus-iter2,2,291.4500
ROSE-1000M3,R5,magus_magus-iter2guide,2,324.6800
ROSE-1000M3,R5,magus_magus-iter3,3,403.8700
ROSE-1000M3,R5,magus_magus-iter3guide,3,436.9600
ROSE-1000M3,R5,magus_magus-iter4,4,517.5400
ROSE-1000M3,R6,magus_clustalo-iter0initi,0,4.6100
ROSE-1000M3,R6,magus_clustalo-iter1,1,279.6400
ROSE-1000M3,R6,magus_clustalo-iter1guide,1,314.9800
ROSE-1000M3,R6,magus_clustalo-iter2,2,593.2000
ROSE-1000M3,R6,magus_clustalo-iter2guide,2,625.7600
ROSE-1000M3,R6,magus_clustalo-iter3,3,872.8600
ROSE-1000M3,R6,magus_clustalo-iter3guide,3,905.5500
ROSE-1000M3,R6,magus_clustalo-iter4,4,1160.6800
ROSE-1000M3,R6,magus_default-iter0initi,0,119.5900
ROSE-1000M3,R6,magus_default-iter1,1,444.2100
ROSE-1000M3,R6,magus_magus-iter0initi,0,90.9400
ROSE-1000M3,R6,magus_magus-iter1,1,188.3900
ROSE-1000M3,R6,magus_magus-iter1guide,1,222.4000
ROSE-1000M3,R6,magus_magus-iter2,2,307.1000
ROSE-1000M3,R6,magus_magus-iter2guide,2,341.1600
ROSE-1000M3,R6,magus_magus-iter3,3,435.5600
ROSE-1000M3,R6,magus_magus-iter3guide,3,469.5900
ROSE-1000M3,R6,magus_magus-iter4,4,550.5900
ROSE-1000M3,R7,magus_clustalo-iter0initi,0,4.9100
ROSE-1000M3,R7,magus_clustalo-iter1,1,304.0100
ROSE-1000M3,R7,magus_clustalo-iter1guide,1,343.5800
ROSE-1000M3,R7,magus_clustalo-iter2,2,647.4600
ROSE-1000M3,R7,magus_clustalo-iter2guide,2,684.3700
ROSE-1000M3,R7,magus_clustalo-iter3,3,994.9500
ROSE-1000M3,R7,magus_clustalo-iter3guide,3,1031.7800
ROSE-1000M3,R7,magus_clustalo-iter4,4,1322.1200
ROSE-1000M3,R7,magus_default-iter0initi,0,157.6400
ROSE-1000M3,R7,magus_default-iter1,1,524.3700
ROSE-1000M3,R7,magus_magus-iter0initi,0,102.0100
ROSE-1000M3,R7,magus_magus-iter1,1,195.2600
ROSE-1000M3,R7,magus_magus-iter1guide,1,230.6000
ROSE-1000M3,R7,magus_magus-iter2,2,322.2500
ROSE-1000M3,R7,magus_magus-iter2guide,2,357.1200
ROSE-1000M3,R7,magus_magus-iter3,3,455.3000
ROSE-1000M3,R7,magus_magus-iter3guide,3,490.4600
ROSE-1000M3,R7,magus_magus-iter4,4,584.3200
ROSE-1000M3,R8,magus_clustalo-iter0initi,0,5.1400
ROSE-1000M3,R8,magus_clustalo-iter1,1,269.1800
ROSE-1000M3,R8,magus_clustalo-iter1guide,1,303.4300
ROSE-1000M3,R8,magus_clustalo-iter2,2,552.3700
ROSE-1000M3,R8,magus_clustalo-iter2guide,2,583.8700
ROSE-1000M3,R8,magus_clustalo-iter3,3,839.1500
ROSE-1000M3,R8,magus_clustalo-iter3guide,3,870.3600
ROSE-1000M3,R8,magus_clustalo-iter4,4,1137.0600
ROSE-1000M3,R8,magus_default-iter0initi,0,110.3800
ROSE-1000M3,R8,magus_default-iter1,1,306.1700
ROSE-1000M3,R8,magus_magus-iter0initi,0,90.5000
ROSE-1000M3,R8,magus_magus-iter1,1,175.5800
ROSE-1000M3,R8,magus_magus-iter1guide,1,206.9100
ROSE-1000M3,R8,magus_magus-iter2,2,294.7500
ROSE-1000M3,R8,magus_magus-iter2guide,2,326.0600
ROSE-1000M3,R8,magus_magus-iter3,3,411.4800
ROSE-1000M3,R8,magus_magus-iter3guide,3,443.0000
ROSE-1000M3,R8,magus_magus-iter4,4,526.2200
ROSE-1000M3,R9,magus_clustalo-iter0initi,0,3.9100
ROSE-1000M3,R9,magus_clustalo-iter1,1,198.9100
ROSE-1000M3,R9,magus_clustalo-iter1guide,1,223.1000
ROSE-1000M3,R9,magus_clustalo-iter2,2,413.5100
ROSE-1000M3,R9,magus_clustalo-iter2guide,2,436.0500
ROSE-1000M3,R9,magus_clustalo-iter3,3,604.0500
ROSE-1000M3,R9,magus_clustalo-iter3guide,3,627.1200
ROSE-1000M3,R9,magus_clustalo-iter4,4,814.6700
ROSE-1000M3,R9,magus_default-iter0initi,0,105.8300
ROSE-1000M3,R9,magus_default-iter1,1,324.9600
ROSE-1000M3,R9,magus_magus-iter0initi,0,82.6900
ROSE-1000M3,R9,magus_magus-iter1,1,168.9700
ROSE-1000M3,R9,magus_magus-iter1guide,1,203.2000
ROSE-1000M3,R9,magus_magus-iter2,2,294.1900
ROSE-1000M3,R9,magus_magus-iter2guide,2,328.7600
ROSE-1000M3,R9,magus_magus-iter3,3,416.4700
ROSE-1000M3,R9,magus_magus-iter3guide,3,451.5600
ROSE-1000M3,R9,magus_magus-iter4,4,544.0400
