dataset,replicate,method,iteration,runtime
16S.3,R0,clustalo,-1,2049.6700
16S.3,R0,mafft,-1,21.9300
16S.3,R0,magus_clustalo-iter0,0,48.2400
16S.3,R0,magus_clustalo-iter1,1,1373.4600
16S.3,R0,magus_clustalo-iter2,2,2737.8500
16S.3,R0,magus_clustalo-iter3,3,4016.2200
16S.3,R0,magus_clustalo-iter4,4,4511.6100
16S.3,R0,magus_default-iter0,0,932.6700
16S.3,R0,magus_default-iter1,1,3429.0300
16S.3,R0,magus_magus-iter0,0,3035.7300
16S.3,R0,magus_magus-iter1,1,4226.8700
16S.3,R0,magus_magus-iter2,2,5468.8900
16S.3,R0,magus_magus-iter3,3,6836.3100
16S.3,R0,magus_magus-iter4,4,7298.0000
16S.3,R0,muscle,-1,21650.2100
16S.3,R0,pasta-iter3,3,3753.6000
16S.B.ALL,R0,clustalo,-1,6437.9500
16S.B.ALL,R0,mafft,-1,423.1000
16S.B.ALL,R0,magus_clustalo-iter0,0,558.1400
16S.B.ALL,R0,magus_clustalo-iter1,1,11624.7700
16S.B.ALL,R0,magus_clustalo-iter2,2,22153.4100
16S.B.ALL,R0,magus_clustalo-iter3,3,32521.8500
16S.B.ALL,R0,magus_clustalo-iter4,4,34491.0300
16S.B.ALL,R0,magus_default-iter0,0,3075.7200
16S.B.ALL,R0,magus_default-iter1,1,7835.1800
16S.B.ALL,R0,magus_magus-iter0,0,5880.7300
16S.B.ALL,R0,magus_magus-iter1,1,16608.4600
16S.B.ALL,R0,magus_magus-iter2,2,27065.7300
16S.B.ALL,R0,magus_magus-iter3,3,37441.1900
16S.B.ALL,R0,magus_magus-iter4,4,39558.4400
16S.B.ALL,R0,pasta-iter3,3,9898.3100
16S.M,R0,clustalo,-1,512.4100
16S.M,R0,mafft,-1,3.3600
16S.M,R0,magus_clustalo-iter0,0,4.8000
16S.M,R0,magus_clustalo-iter1,1,128.1500
16S.M,R0,magus_clustalo-iter2,2,261.3100
16S.M,R0,magus_clustalo-iter3,3,389.7100
16S.M,R0,magus_clustalo-iter4,4,519.1500
16S.M,R0,magus_default-iter0,0,284.2800
16S.M,R0,magus_default-iter1,1,491.5000
16S.M,R0,magus_magus-iter0,0,372.6400
16S.M,R0,magus_magus-iter1,1,529.9700
16S.M,R0,magus_magus-iter2,2,672.6200
16S.M,R0,magus_magus-iter3,3,804.5300
16S.M,R0,magus_magus-iter4,4,926.1800
16S.M,R0,muscle,-1,1239.5100
16S.M,R0,pasta-iter3,3,1018.2100
16S.T,R0,clustalo,-1,2127.3300
16S.T,R0,mafft,-1,28.6300
16S.T,R0,magus_clustalo-iter0,0,55.8700
16S.T,R0,magus_clustalo-iter1,1,1974.5100
16S.T,R0,magus_clustalo-iter2,2,3533.4700
16S.T,R0,magus_clustalo-iter3,3,5207.3000
16S.T,R0,magus_clustalo-iter4,4,5910.0500
16S.T,R0,magus_default-iter0,0,1195.6100
16S.T,R0,magus_default-iter1,1,4420.8300
16S.T,R0,magus_magus-iter0,0,3744.0400
16S.T,R0,magus_magus-iter1,1,5249.7900
16S.T,R0,magus_magus-iter2,2,6884.7500
16S.T,R0,magus_magus-iter3,3,8477.6700
16S.T,R0,magus_magus-iter4,4,9095.5700
16S.T,R0,muscle,-1,21173.6300
16S.T,R0,pasta-iter3,3,4002.9500
RNASim-1000,R0,clustalo,-1,671.4700
RNASim-1000,R0,mafft,-1,14.6900
RNASim-1000,R0,magus_clustalo-iter0,0,21.2700
RNASim-1000,R0,magus_clustalo-iter1,1,880.6200
RNASim-1000,R0,magus_clustalo-iter2,2,1691.8400
RNASim-1000,R0,magus_clustalo-iter3,3,2615.9600
RNASim-1000,R0,magus_default-iter0,0,1405.8300
RNASim-1000,R0,magus_default-iter1,1,3371.9500
RNASim-1000,R0,magus_magus-iter0,0,2405.3100
RNASim-1000,R0,magus_magus-iter1,1,2874.5000
RNASim-1000,R0,magus_magus-iter2,2,3323.8500
RNASim-1000,R0,magus_magus-iter3,3,3794.8600
RNASim-1000,R0,magus_magus-iter4,4,4158.9500
RNASim-1000,R0,muscle,-1,4091.2000
RNASim-1000,R0,pasta-iter3,3,2699.2700
RNASim-1000,R1,clustalo,-1,516.2400
RNASim-1000,R1,mafft,-1,14.5800
RNASim-1000,R1,magus_clustalo-iter0,0,22.1100
RNASim-1000,R1,magus_clustalo-iter1,1,887.0200
RNASim-1000,R1,magus_clustalo-iter2,2,1732.1300
RNASim-1000,R1,magus_clustalo-iter3,3,2575.7600
RNASim-1000,R1,magus_default-iter0,0,1395.6400
RNASim-1000,R1,magus_default-iter1,1,3366.2600
RNASim-1000,R1,magus_magus-iter0,0,2459.6700
RNASim-1000,R1,magus_magus-iter1,1,2927.0700
RNASim-1000,R1,magus_magus-iter2,2,3358.4200
RNASim-1000,R1,magus_magus-iter3,3,3808.6200
RNASim-1000,R1,magus_magus-iter4,4,4170.0100
RNASim-1000,R1,muscle,-1,4224.3800
RNASim-1000,R1,pasta-iter3,3,3183.2500
RNASim-1000,R2,clustalo,-1,677.8100
RNASim-1000,R2,mafft,-1,14.9700
RNASim-1000,R2,magus_clustalo-iter0,0,21.8600
RNASim-1000,R2,magus_clustalo-iter1,1,860.9400
RNASim-1000,R2,magus_clustalo-iter2,2,1703.4300
RNASim-1000,R2,magus_clustalo-iter3,3,2589.5000
RNASim-1000,R2,magus_clustalo-iter4,4,3364.2800
RNASim-1000,R2,magus_default-iter0,0,1316.8100
RNASim-1000,R2,magus_default-iter1,1,3429.5500
RNASim-1000,R2,magus_magus-iter0,0,2578.5400
RNASim-1000,R2,magus_magus-iter1,1,3032.2900
RNASim-1000,R2,magus_magus-iter2,2,3485.0900
RNASim-1000,R2,magus_magus-iter3,3,3984.5600
RNASim-1000,R2,magus_magus-iter4,4,4375.9600
RNASim-1000,R2,muscle,-1,4100.3400
RNASim-1000,R2,pasta-iter3,3,2802.3500
RNASim-1000,R3,clustalo,-1,637.6400
RNASim-1000,R3,mafft,-1,13.2600
RNASim-1000,R3,magus_clustalo-iter0,0,22.1000
RNASim-1000,R3,magus_clustalo-iter1,1,1201.8800
RNASim-1000,R3,magus_clustalo-iter2,2,2437.7500
RNASim-1000,R3,magus_clustalo-iter3,3,3584.5600
RNASim-1000,R3,magus_clustalo-iter4,4,4708.4100
RNASim-1000,R3,magus_default-iter0,0,1594.6000
RNASim-1000,R3,magus_default-iter1,1,4052.8000
RNASim-1000,R3,magus_magus-iter0,0,2969.2300
RNASim-1000,R3,magus_magus-iter1,1,3456.8200
RNASim-1000,R3,magus_magus-iter2,2,3910.8000
RNASim-1000,R3,magus_magus-iter3,3,4348.3300
RNASim-1000,R3,magus_magus-iter4,4,4703.9600
RNASim-1000,R3,muscle,-1,4025.4900
RNASim-1000,R3,pasta-iter3,3,3420.3300
RNASim-1000,R4,clustalo,-1,687.9000
RNASim-1000,R4,mafft,-1,14.0800
RNASim-1000,R4,magus_clustalo-iter0,0,21.5100
RNASim-1000,R4,magus_clustalo-iter1,1,865.7500
RNASim-1000,R4,magus_clustalo-iter2,2,1686.2300
RNASim-1000,R4,magus_clustalo-iter3,3,2527.6000
RNASim-1000,R4,magus_clustalo-iter4,4,3275.4600
RNASim-1000,R4,magus_default-iter0,0,1331.3500
RNASim-1000,R4,magus_default-iter1,1,3772.6900
RNASim-1000,R4,magus_magus-iter0,0,2912.8600
RNASim-1000,R4,magus_magus-iter1,1,3380.7000
RNASim-1000,R4,magus_magus-iter2,2,3821.9500
RNASim-1000,R4,magus_magus-iter3,3,4258.3900
RNASim-1000,R4,magus_magus-iter4,4,4645.9000
RNASim-1000,R4,muscle,-1,3943.6700
RNASim-1000,R4,pasta-iter3,3,2825.4600
RNASim-1000,R5,clustalo,-1,705.0000
RNASim-1000,R5,mafft,-1,13.3900
RNASim-1000,R5,magus_clustalo-iter0,0,22.1700
RNASim-1000,R5,magus_clustalo-iter1,1,1219.5200
RNASim-1000,R5,magus_clustalo-iter2,2,2352.2400
RNASim-1000,R5,magus_clustalo-iter3,3,3454.2300
RNASim-1000,R5,magus_clustalo-iter4,4,4487.2600
RNASim-1000,R5,magus_default-iter0,0,1442.7700
RNASim-1000,R5,magus_default-iter1,1,2823.7100
RNASim-1000,R5,magus_magus-iter0,0,1922.3000
RNASim-1000,R5,magus_magus-iter1,1,2369.2400
RNASim-1000,R5,magus_magus-iter2,2,2806.0900
RNASim-1000,R5,magus_magus-iter3,3,3228.6100
RNASim-1000,R5,magus_magus-iter4,4,3618.1000
RNASim-1000,R5,muscle,-1,5518.1300
RNASim-1000,R5,pasta-iter3,3,3576.4200
RNASim-1000,R6,clustalo,-1,548.1200
RNASim-1000,R6,mafft,-1,12.9100
RNASim-1000,R6,magus_clustalo-iter0,0,21.4600
RNASim-1000,R6,magus_clustalo-iter1,1,1294.6800
RNASim-1000,R6,magus_clustalo-iter2,2,2468.0900
RNASim-1000,R6,magus_clustalo-iter3,3,3690.8400
RNASim-1000,R6,magus_clustalo-iter4,4,4766.7300
RNASim-1000,R6,magus_default-iter0,0,1637.3400
RNASim-1000,R6,magus_default-iter1,1,3317.6800
RNASim-1000,R6,magus_magus-iter0,0,2150.8000
RNASim-1000,R6,magus_magus-iter1,1,2599.5400
RNASim-1000,R6,magus_magus-iter2,2,3031.2900
RNASim-1000,R6,magus_magus-iter3,3,3458.6600
RNASim-1000,R6,magus_magus-iter4,4,3856.1900
RNASim-1000,R6,muscle,-1,3799.3600
RNASim-1000,R6,pasta-iter3,3,2876.7000
RNASim-1000,R7,clustalo,-1,685.2100
RNASim-1000,R7,mafft,-1,14.1700
RNASim-1000,R7,magus_clustalo-iter0,0,23.7100
RNASim-1000,R7,magus_clustalo-iter1,1,1181.8400
RNASim-1000,R7,magus_clustalo-iter2,2,2293.5500
RNASim-1000,R7,magus_clustalo-iter3,3,3443.8200
RNASim-1000,R7,magus_clustalo-iter4,4,4474.6900
RNASim-1000,R7,magus_default-iter0,0,1516.9500
RNASim-1000,R7,magus_default-iter1,1,2681.9900
RNASim-1000,R7,magus_magus-iter0,0,1607.9800
RNASim-1000,R7,magus_magus-iter1,1,2038.7200
RNASim-1000,R7,magus_magus-iter2,2,2464.5700
RNASim-1000,R7,magus_magus-iter3,3,2899.4800
RNASim-1000,R7,magus_magus-iter4,4,3237.9500
RNASim-1000,R7,muscle,-1,3976.2500
RNASim-1000,R7,pasta-iter3,3,2807.5700
RNASim-1000,R8,clustalo,-1,705.3300
RNASim-1000,R8,mafft,-1,14.7300
RNASim-1000,R8,magus_clustalo-iter0,0,23.5200
RNASim-1000,R8,magus_clustalo-iter1,1,1210.2200
RNASim-1000,R8,magus_clustalo-iter2,2,2424.9900
RNASim-1000,R8,magus_clustalo-iter3,3,3708.4300
RNASim-1000,R8,magus_clustalo-iter4,4,4808.6700
RNASim-1000,R8,magus_default-iter0,0,1666.7000
RNASim-1000,R8,magus_default-iter1,1,3935.3000
RNASim-1000,R8,magus_magus-iter0,0,2654.8500
RNASim-1000,R8,magus_magus-iter1,1,3084.9800
RNASim-1000,R8,magus_magus-iter2,2,3518.6100
RNASim-1000,R8,magus_magus-iter3,3,3954.0200
RNASim-1000,R8,magus_magus-iter4,4,4346.5600
RNASim-1000,R8,muscle,-1,4023.9100
RNASim-1000,R8,pasta-iter3,3,3596.0100
RNASim-1000,R9,clustalo,-1,468.3600
RNASim-1000,R9,mafft,-1,15.4900
RNASim-1000,R9,magus_clustalo-iter0,0,22.5700
RNASim-1000,R9,magus_clustalo-iter1,1,872.4200
RNASim-1000,R9,magus_clustalo-iter2,2,1710.8200
RNASim-1000,R9,magus_clustalo-iter3,3,2528.5600
RNASim-1000,R9,magus_clustalo-iter4,4,3222.8900
RNASim-1000,R9,magus_default-iter0,0,1126.8800
RNASim-1000,R9,magus_default-iter1,1,2326.4200
RNASim-1000,R9,magus_magus-iter0,0,1642.7300
RNASim-1000,R9,magus_magus-iter1,1,2058.4800
RNASim-1000,R9,magus_magus-iter2,2,2493.2700
RNASim-1000,R9,magus_magus-iter3,3,2902.9000
RNASim-1000,R9,magus_magus-iter4,4,3266.9900
RNASim-1000,R9,muscle,-1,3854.8500
RNASim-1000,R9,pasta-iter3,3,3309.3600
RNASim-10000,R0,clustalo,-1,8415.1100
RNASim-10000,R0,mafft,-1,92.3900
RNASim-10000,R0,magus_clustalo-iter0,0,147.7300
RNASim-10000,R0,magus_clustalo-iter1,1,7980.9500
RNASim-10000,R0,magus_clustalo-iter2,2,15272.0700
RNASim-10000,R0,magus_clustalo-iter3,3,22466.6800
RNASim-10000,R0,magus_clustalo-iter4,4,23417.3000
RNASim-10000,R0,magus_default-iter0,0,2050.0700
RNASim-10000,R0,magus_default-iter1,1,5758.4700
RNASim-10000,R0,magus_magus-iter0,0,4709.6900
RNASim-10000,R0,magus_magus-iter1,1,12026.9100
RNASim-10000,R0,magus_magus-iter2,2,19230.7500
RNASim-10000,R0,magus_magus-iter3,3,26384.5800
RNASim-10000,R0,magus_magus-iter4,4,27333.7200
RNASim-10000,R0,muscle,-1,39628.5700
RNASim-10000,R0,pasta-iter3,3,6682.1400
RNASim-10000,R1,clustalo,-1,8549.9200
RNASim-10000,R1,mafft,-1,93.7500
RNASim-10000,R1,magus_clustalo-iter0,0,148.4700
RNASim-10000,R1,magus_clustalo-iter1,1,7771.8800
RNASim-10000,R1,magus_clustalo-iter2,2,14969.4700
RNASim-10000,R1,magus_clustalo-iter3,3,22075.6200
RNASim-10000,R1,magus_clustalo-iter4,4,23027.0500
RNASim-10000,R1,magus_default-iter0,0,1974.2600
RNASim-10000,R1,magus_default-iter1,1,5490.5200
RNASim-10000,R1,magus_magus-iter0,0,4535.2800
RNASim-10000,R1,magus_magus-iter1,1,11529.4700
RNASim-10000,R1,magus_magus-iter2,2,18558.9100
RNASim-10000,R1,magus_magus-iter3,3,25745.8800
RNASim-10000,R1,magus_magus-iter4,4,26750.4800
RNASim-10000,R1,muscle,-1,40623.9300
RNASim-10000,R1,pasta-iter3,3,7081.8900
RNASim-10000,R2,clustalo,-1,8679.1500
RNASim-10000,R2,mafft,-1,93.1600
RNASim-10000,R2,magus_clustalo-iter0,0,150.0700
RNASim-10000,R2,magus_clustalo-iter1,1,7755.8200
RNASim-10000,R2,magus_clustalo-iter2,2,15027.7900
RNASim-10000,R2,magus_clustalo-iter3,3,22306.7100
RNASim-10000,R2,magus_clustalo-iter4,4,23341.5200
RNASim-10000,R2,magus_default-iter0,0,2260.4100
RNASim-10000,R2,magus_default-iter1,1,5962.5500
RNASim-10000,R2,magus_magus-iter0,0,4724.0700
RNASim-10000,R2,magus_magus-iter1,1,11714.8000
RNASim-10000,R2,magus_magus-iter2,2,18900.1200
RNASim-10000,R2,magus_magus-iter3,3,26138.5200
RNASim-10000,R2,magus_magus-iter4,4,27181.0800
RNASim-10000,R2,muscle,-1,38599.9200
RNASim-10000,R2,pasta-iter3,3,6427.0300
RNASim-10000,R3,clustalo,-1,8794.7000
RNASim-10000,R3,mafft,-1,90.8600
RNASim-10000,R3,magus_clustalo-iter0,0,147.0600
RNASim-10000,R3,magus_clustalo-iter1,1,7887.3300
RNASim-10000,R3,magus_clustalo-iter2,2,15101.6400
RNASim-10000,R3,magus_clustalo-iter3,3,22148.8200
RNASim-10000,R3,magus_clustalo-iter4,4,23125.0200
RNASim-10000,R3,magus_default-iter0,0,2046.9100
RNASim-10000,R3,magus_default-iter1,1,5710.2300
RNASim-10000,R3,magus_magus-iter0,0,4759.9300
RNASim-10000,R3,magus_magus-iter1,1,12122.5500
RNASim-10000,R3,magus_magus-iter2,2,19108.7200
RNASim-10000,R3,magus_magus-iter3,3,26418.3700
RNASim-10000,R3,magus_magus-iter4,4,27448.7100
RNASim-10000,R3,muscle,-1,39860.8000
RNASim-10000,R3,pasta-iter3,3,7500.3100
RNASim-10000,R4,clustalo,-1,8710.8600
RNASim-10000,R4,mafft,-1,93.4300
RNASim-10000,R4,magus_clustalo-iter0,0,151.0200
RNASim-10000,R4,magus_clustalo-iter1,1,7977.2000
RNASim-10000,R4,magus_clustalo-iter2,2,14822.8100
RNASim-10000,R4,magus_clustalo-iter3,3,21976.6600
RNASim-10000,R4,magus_clustalo-iter4,4,23012.6500
RNASim-10000,R4,magus_default-iter0,0,2251.3500
RNASim-10000,R4,magus_default-iter1,1,5993.4700
RNASim-10000,R4,magus_magus-iter0,0,4816.3600
RNASim-10000,R4,magus_magus-iter1,1,11746.8500
RNASim-10000,R4,magus_magus-iter2,2,19002.8500
RNASim-10000,R4,magus_magus-iter3,3,26129.7400
RNASim-10000,R4,magus_magus-iter4,4,27127.2300
RNASim-10000,R4,muscle,-1,39334.1500
RNASim-10000,R4,pasta-iter3,3,6512.5200
RNASim-10000,R5,clustalo,-1,8604.1200
RNASim-10000,R5,mafft,-1,92.4600
RNASim-10000,R5,magus_clustalo-iter0,0,148.7500
RNASim-10000,R5,magus_clustalo-iter1,1,8041.6200
RNASim-10000,R5,magus_clustalo-iter2,2,15176.8600
RNASim-10000,R5,magus_clustalo-iter3,3,22399.9000
RNASim-10000,R5,magus_clustalo-iter4,4,23334.1400
RNASim-10000,R5,magus_default-iter0,0,1945.6900
RNASim-10000,R5,magus_default-iter1,1,5686.9300
RNASim-10000,R5,magus_magus-iter0,0,4837.7300
RNASim-10000,R5,magus_magus-iter1,1,11980.9900
RNASim-10000,R5,magus_magus-iter2,2,18976.9900
RNASim-10000,R5,magus_magus-iter3,3,26245.6000
RNASim-10000,R5,magus_magus-iter4,4,27170.1100
RNASim-10000,R5,muscle,-1,38672.7200
RNASim-10000,R5,pasta-iter3,3,6762.3000
RNASim-10000,R6,clustalo,-1,8651.4300
RNASim-10000,R6,mafft,-1,93.2100
RNASim-10000,R6,magus_clustalo-iter0,0,150.0600
RNASim-10000,R6,magus_clustalo-iter1,1,7767.0400
RNASim-10000,R6,magus_clustalo-iter2,2,15019.4900
RNASim-10000,R6,magus_clustalo-iter3,3,22255.7800
RNASim-10000,R6,magus_clustalo-iter4,4,23141.4700
RNASim-10000,R6,magus_default-iter0,0,1936.7700
RNASim-10000,R6,magus_default-iter1,1,5554.9300
RNASim-10000,R6,magus_magus-iter0,0,4731.7600
RNASim-10000,R6,magus_magus-iter1,1,11851.6200
RNASim-10000,R6,magus_magus-iter2,2,19054.9000
RNASim-10000,R6,magus_magus-iter3,3,25866.8300
RNASim-10000,R6,magus_magus-iter4,4,26784.9400
RNASim-10000,R6,muscle,-1,39324.9200
RNASim-10000,R6,pasta-iter3,3,6774.6700
RNASim-10000,R7,clustalo,-1,8610.6900
RNASim-10000,R7,mafft,-1,89.9100
RNASim-10000,R7,magus_clustalo-iter0,0,145.3700
RNASim-10000,R7,magus_clustalo-iter1,1,7671.7600
RNASim-10000,R7,magus_clustalo-iter2,2,14842.1800
RNASim-10000,R7,magus_clustalo-iter3,3,21575.3500
RNASim-10000,R7,magus_clustalo-iter4,4,22502.6900
RNASim-10000,R7,magus_default-iter0,0,1988.8300
RNASim-10000,R7,magus_default-iter1,1,5595.0900
RNASim-10000,R7,magus_magus-iter0,0,4551.8400
RNASim-10000,R7,magus_magus-iter1,1,11584.9200
RNASim-10000,R7,magus_magus-iter2,2,18720.1600
RNASim-10000,R7,magus_magus-iter3,3,25922.9600
RNASim-10000,R7,magus_magus-iter4,4,26887.5600
RNASim-10000,R7,muscle,-1,38817.7800
RNASim-10000,R7,pasta-iter3,3,6289.5100
RNASim-10000,R8,clustalo,-1,8876.0800
RNASim-10000,R8,mafft,-1,90.3600
RNASim-10000,R8,magus_clustalo-iter0,0,148.4100
RNASim-10000,R8,magus_clustalo-iter1,1,8089.6800
RNASim-10000,R8,magus_clustalo-iter2,2,14895.2300
RNASim-10000,R8,magus_clustalo-iter3,3,22192.4800
RNASim-10000,R8,magus_clustalo-iter4,4,23108.8100
RNASim-10000,R8,magus_default-iter0,0,1942.1200
RNASim-10000,R8,magus_default-iter1,1,5550.3400
RNASim-10000,R8,magus_magus-iter0,0,4694.8400
RNASim-10000,R8,magus_magus-iter1,1,11765.7100
RNASim-10000,R8,magus_magus-iter2,2,18984.1900
RNASim-10000,R8,magus_magus-iter3,3,26062.3200
RNASim-10000,R8,magus_magus-iter4,4,27021.3100
RNASim-10000,R8,muscle,-1,39745.0800
RNASim-10000,R8,pasta-iter3,3,6645.7000
RNASim-10000,R9,clustalo,-1,8734.0400
RNASim-10000,R9,mafft,-1,90.8300
RNASim-10000,R9,magus_clustalo-iter0,0,144.9400
RNASim-10000,R9,magus_clustalo-iter1,1,8155.6900
RNASim-10000,R9,magus_clustalo-iter2,2,15331.5700
RNASim-10000,R9,magus_clustalo-iter3,3,22552.2400
RNASim-10000,R9,magus_clustalo-iter4,4,23543.0400
RNASim-10000,R9,magus_default-iter0,0,2165.3200
RNASim-10000,R9,magus_default-iter1,1,5866.6800
RNASim-10000,R9,magus_magus-iter0,0,4739.8900
RNASim-10000,R9,magus_magus-iter1,1,11917.8800
RNASim-10000,R9,magus_magus-iter2,2,19249.3200
RNASim-10000,R9,magus_magus-iter3,3,26441.4500
RNASim-10000,R9,magus_magus-iter4,4,27458.4900
RNASim-10000,R9,muscle,-1,39052.1000
RNASim-10000,R9,pasta-iter3,3,7153.3500
ROSE-1000L1,R0,clustalo,-1,564.2600
ROSE-1000L1,R0,mafft,-1,17.8100
ROSE-1000L1,R0,magus_clustalo-iter0,0,23.3700
ROSE-1000L1,R0,magus_clustalo-iter1,1,504.7100
ROSE-1000L1,R0,magus_clustalo-iter2,2,957.0500
ROSE-1000L1,R0,magus_clustalo-iter3,3,1413.6000
ROSE-1000L1,R0,magus_clustalo-iter4,4,1797.3000
ROSE-1000L1,R0,magus_default-iter0,0,486.3200
ROSE-1000L1,R0,magus_default-iter1,1,1047.8200
ROSE-1000L1,R0,magus_magus-iter0,0,702.7400
ROSE-1000L1,R0,magus_magus-iter1,1,860.4000
ROSE-1000L1,R0,magus_magus-iter2,2,1026.6000
ROSE-1000L1,R0,magus_magus-iter3,3,1194.4700
ROSE-1000L1,R0,magus_magus-iter4,4,1319.9200
ROSE-1000L1,R0,muscle,-1,3549.7000
ROSE-1000L1,R0,pasta-iter3,3,835.7300
ROSE-1000L1,R1,clustalo,-1,513.9200
ROSE-1000L1,R1,mafft,-1,17.8300
ROSE-1000L1,R1,magus_clustalo-iter0,0,23.7700
ROSE-1000L1,R1,magus_clustalo-iter1,1,492.4900
ROSE-1000L1,R1,magus_clustalo-iter2,2,907.7900
ROSE-1000L1,R1,magus_clustalo-iter3,3,1302.8500
ROSE-1000L1,R1,magus_clustalo-iter4,4,1679.7000
ROSE-1000L1,R1,magus_default-iter0,0,528.6800
ROSE-1000L1,R1,magus_default-iter1,1,1177.2400
ROSE-1000L1,R1,magus_magus-iter0,0,781.5400
ROSE-1000L1,R1,magus_magus-iter1,1,949.2100
ROSE-1000L1,R1,magus_magus-iter2,2,1104.4700
ROSE-1000L1,R1,magus_magus-iter3,3,1265.1300
ROSE-1000L1,R1,magus_magus-iter4,4,1395.8600
ROSE-1000L1,R1,muscle,-1,2064.2100
ROSE-1000L1,R1,pasta-iter3,3,1214.1800
ROSE-1000L1,R2,clustalo,-1,463.3600
ROSE-1000L1,R2,mafft,-1,17.9400
ROSE-1000L1,R2,magus_clustalo-iter0,0,23.6800
ROSE-1000L1,R2,magus_clustalo-iter1,1,487.5800
ROSE-1000L1,R2,magus_clustalo-iter2,2,890.1800
ROSE-1000L1,R2,magus_clustalo-iter3,3,1301.6700
ROSE-1000L1,R2,magus_clustalo-iter4,4,1669.2200
ROSE-1000L1,R2,magus_default-iter0,0,509.4600
ROSE-1000L1,R2,magus_default-iter1,1,1168.5800
ROSE-1000L1,R2,magus_magus-iter0,0,774.0600
ROSE-1000L1,R2,magus_magus-iter1,1,963.6600
ROSE-1000L1,R2,magus_magus-iter2,2,1141.8800
ROSE-1000L1,R2,magus_magus-iter3,3,1300.1400
ROSE-1000L1,R2,magus_magus-iter4,4,1434.9100
ROSE-1000L1,R2,muscle,-1,2072.0600
ROSE-1000L1,R2,pasta-iter3,3,1503.9100
ROSE-1000L1,R3,clustalo,-1,854.4600
ROSE-1000L1,R3,mafft,-1,18.5800
ROSE-1000L1,R3,magus_clustalo-iter0,0,23.6200
ROSE-1000L1,R3,magus_clustalo-iter1,1,401.5300
ROSE-1000L1,R3,magus_clustalo-iter2,2,716.7400
ROSE-1000L1,R3,magus_clustalo-iter3,3,1015.2400
ROSE-1000L1,R3,magus_clustalo-iter4,4,1299.9500
ROSE-1000L1,R3,magus_default-iter0,0,460.2300
ROSE-1000L1,R3,magus_default-iter1,1,1236.1700
ROSE-1000L1,R3,magus_magus-iter0,0,942.2800
ROSE-1000L1,R3,magus_magus-iter1,1,1148.5000
ROSE-1000L1,R3,magus_magus-iter2,2,1353.8700
ROSE-1000L1,R3,magus_magus-iter3,3,1554.3700
ROSE-1000L1,R3,magus_magus-iter4,4,1698.2200
ROSE-1000L1,R3,muscle,-1,2202.0700
ROSE-1000L1,R3,pasta-iter3,3,1041.3900
ROSE-1000L1,R4,clustalo,-1,555.9300
ROSE-1000L1,R4,mafft,-1,17.1700
ROSE-1000L1,R4,magus_clustalo-iter0,0,22.8900
ROSE-1000L1,R4,magus_clustalo-iter1,1,435.1000
ROSE-1000L1,R4,magus_clustalo-iter2,2,803.7400
ROSE-1000L1,R4,magus_clustalo-iter3,3,1176.4200
ROSE-1000L1,R4,magus_clustalo-iter4,4,1505.0900
ROSE-1000L1,R4,magus_default-iter0,0,453.3600
ROSE-1000L1,R4,magus_default-iter1,1,1079.5800
ROSE-1000L1,R4,magus_magus-iter0,0,763.7100
ROSE-1000L1,R4,magus_magus-iter1,1,940.5300
ROSE-1000L1,R4,magus_magus-iter2,2,1110.9600
ROSE-1000L1,R4,magus_magus-iter3,3,1274.4400
ROSE-1000L1,R4,magus_magus-iter4,4,1394.1300
ROSE-1000L1,R4,muscle,-1,2042.3900
ROSE-1000L1,R4,pasta-iter3,3,1522.5500
ROSE-1000L1,R5,clustalo,-1,510.2100
ROSE-1000L1,R5,mafft,-1,15.6100
ROSE-1000L1,R5,magus_clustalo-iter0,0,21.2400
ROSE-1000L1,R5,magus_clustalo-iter1,1,352.4800
ROSE-1000L1,R5,magus_clustalo-iter2,2,670.2000
ROSE-1000L1,R5,magus_clustalo-iter3,3,969.3600
ROSE-1000L1,R5,magus_clustalo-iter4,4,1238.8900
ROSE-1000L1,R5,magus_default-iter0,0,404.3000
ROSE-1000L1,R5,magus_default-iter1,1,1194.4200
ROSE-1000L1,R5,magus_magus-iter0,0,889.1700
ROSE-1000L1,R5,magus_magus-iter1,1,1035.2000
ROSE-1000L1,R5,magus_magus-iter2,2,1195.1200
ROSE-1000L1,R5,magus_magus-iter3,3,1377.2200
ROSE-1000L1,R5,magus_magus-iter4,4,1494.2000
ROSE-1000L1,R5,muscle,-1,1893.9000
ROSE-1000L1,R5,pasta-iter3,3,1310.9300
ROSE-1000L1,R6,clustalo,-1,701.5000
ROSE-1000L1,R6,mafft,-1,16.3200
ROSE-1000L1,R6,magus_clustalo-iter0,0,22.5200
ROSE-1000L1,R6,magus_clustalo-iter1,1,601.1200
ROSE-1000L1,R6,magus_clustalo-iter2,2,1162.1800
ROSE-1000L1,R6,magus_clustalo-iter3,3,1697.9100
ROSE-1000L1,R6,magus_clustalo-iter4,4,2235.9400
ROSE-1000L1,R6,magus_default-iter0,0,662.0400
ROSE-1000L1,R6,magus_default-iter1,1,1138.1400
ROSE-1000L1,R6,magus_magus-iter0,0,584.0800
ROSE-1000L1,R6,magus_magus-iter1,1,757.8300
ROSE-1000L1,R6,magus_magus-iter2,2,918.1800
ROSE-1000L1,R6,magus_magus-iter3,3,1100.7700
ROSE-1000L1,R6,magus_magus-iter4,4,1218.7600
ROSE-1000L1,R6,muscle,-1,2063.6200
ROSE-1000L1,R6,pasta-iter3,3,1375.9900
ROSE-1000L1,R7,clustalo,-1,543.9900
ROSE-1000L1,R7,mafft,-1,17.1000
ROSE-1000L1,R7,magus_clustalo-iter0,0,22.3800
ROSE-1000L1,R7,magus_clustalo-iter1,1,425.1200
ROSE-1000L1,R7,magus_clustalo-iter2,2,824.6100
ROSE-1000L1,R7,magus_clustalo-iter3,3,1233.9600
ROSE-1000L1,R7,magus_clustalo-iter4,4,1580.9700
ROSE-1000L1,R7,magus_default-iter0,0,481.4300
ROSE-1000L1,R7,magus_default-iter1,1,1030.8100
ROSE-1000L1,R7,magus_magus-iter0,0,660.8700
ROSE-1000L1,R7,magus_magus-iter1,1,820.8200
ROSE-1000L1,R7,magus_magus-iter2,2,976.7100
ROSE-1000L1,R7,magus_magus-iter3,3,1121.5100
ROSE-1000L1,R7,magus_magus-iter4,4,1233.7100
ROSE-1000L1,R7,muscle,-1,2021.0000
ROSE-1000L1,R7,pasta-iter3,3,969.5500
ROSE-1000L1,R8,clustalo,-1,937.3900
ROSE-1000L1,R8,mafft,-1,18.1500
ROSE-1000L1,R8,magus_clustalo-iter0,0,24.3300
ROSE-1000L1,R8,magus_clustalo-iter1,1,742.1000
ROSE-1000L1,R8,magus_clustalo-iter2,2,1336.9300
ROSE-1000L1,R8,magus_clustalo-iter3,3,1980.3400
ROSE-1000L1,R8,magus_clustalo-iter4,4,2537.6600
ROSE-1000L1,R8,magus_default-iter0,0,717.6000
ROSE-1000L1,R8,magus_default-iter1,1,1528.7600
ROSE-1000L1,R8,magus_magus-iter0,0,948.1800
ROSE-1000L1,R8,magus_magus-iter1,1,1127.5600
ROSE-1000L1,R8,magus_magus-iter2,2,1337.1700
ROSE-1000L1,R8,magus_magus-iter3,3,1517.6000
ROSE-1000L1,R8,magus_magus-iter4,4,1662.2600
ROSE-1000L1,R8,muscle,-1,2182.8900
ROSE-1000L1,R8,pasta-iter3,3,1646.6800
ROSE-1000L1,R9,clustalo,-1,922.5400
ROSE-1000L1,R9,mafft,-1,17.5600
ROSE-1000L1,R9,magus_clustalo-iter0,0,21.7300
ROSE-1000L1,R9,magus_clustalo-iter1,1,324.8000
ROSE-1000L1,R9,magus_clustalo-iter2,2,593.8400
ROSE-1000L1,R9,magus_clustalo-iter3,3,878.2100
ROSE-1000L1,R9,magus_clustalo-iter4,4,1108.3800
ROSE-1000L1,R9,magus_default-iter0,0,350.0100
ROSE-1000L1,R9,magus_default-iter1,1,775.0700
ROSE-1000L1,R9,magus_magus-iter0,0,572.9800
ROSE-1000L1,R9,magus_magus-iter1,1,747.0900
ROSE-1000L1,R9,magus_magus-iter2,2,926.0000
ROSE-1000L1,R9,magus_magus-iter3,3,1084.5700
ROSE-1000L1,R9,magus_magus-iter4,4,1204.4100
ROSE-1000L1,R9,muscle,-1,2056.9200
ROSE-1000L1,R9,pasta-iter3,3,1037.5100
ROSE-1000L2,R0,clustalo,-1,439.2800
ROSE-1000L2,R0,mafft,-1,16.6100
ROSE-1000L2,R0,magus_clustalo-iter0,0,22.7900
ROSE-1000L2,R0,magus_clustalo-iter1,1,647.2900
ROSE-1000L2,R0,magus_clustalo-iter2,2,1180.9700
ROSE-1000L2,R0,magus_clustalo-iter3,3,1713.8200
ROSE-1000L2,R0,magus_clustalo-iter4,4,2212.6900
ROSE-1000L2,R0,magus_default-iter0,0,650.4200
ROSE-1000L2,R0,magus_default-iter1,1,1511.1000
ROSE-1000L2,R0,magus_magus-iter0,0,966.5800
ROSE-1000L2,R0,magus_magus-iter1,1,1120.7900
ROSE-1000L2,R0,magus_magus-iter2,2,1280.2700
ROSE-1000L2,R0,magus_magus-iter3,3,1453.0100
ROSE-1000L2,R0,magus_magus-iter4,4,1581.5300
ROSE-1000L2,R0,muscle,-1,2664.4500
ROSE-1000L2,R0,pasta-iter3,3,1234.2300
ROSE-1000L2,R1,clustalo,-1,183.1500
ROSE-1000L2,R1,mafft,-1,16.0800
ROSE-1000L2,R1,magus_clustalo-iter0,0,21.2600
ROSE-1000L2,R1,magus_clustalo-iter1,1,327.5200
ROSE-1000L2,R1,magus_clustalo-iter2,2,637.4100
ROSE-1000L2,R1,magus_clustalo-iter3,3,924.6800
ROSE-1000L2,R1,magus_clustalo-iter4,4,1193.9200
ROSE-1000L2,R1,magus_default-iter0,0,398.3700
ROSE-1000L2,R1,magus_default-iter1,1,897.3300
ROSE-1000L2,R1,magus_magus-iter0,0,602.1900
ROSE-1000L2,R1,magus_magus-iter1,1,743.2900
ROSE-1000L2,R1,magus_magus-iter2,2,897.9500
ROSE-1000L2,R1,magus_magus-iter3,3,1041.3300
ROSE-1000L2,R1,magus_magus-iter4,4,1148.3400
ROSE-1000L2,R1,muscle,-1,2435.9000
ROSE-1000L2,R1,pasta-iter3,3,914.5200
ROSE-1000L2,R2,clustalo,-1,429.2000
ROSE-1000L2,R2,mafft,-1,17.4500
ROSE-1000L2,R2,magus_clustalo-iter0,0,23.5300
ROSE-1000L2,R2,magus_clustalo-iter1,1,707.9600
ROSE-1000L2,R2,magus_clustalo-iter2,2,1225.5900
ROSE-1000L2,R2,magus_clustalo-iter3,3,1737.7700
ROSE-1000L2,R2,magus_clustalo-iter4,4,2147.7000
ROSE-1000L2,R2,magus_default-iter0,0,640.8700
ROSE-1000L2,R2,magus_default-iter1,1,1771.6900
ROSE-1000L2,R2,magus_magus-iter0,0,1260.6600
ROSE-1000L2,R2,magus_magus-iter1,1,1468.2400
ROSE-1000L2,R2,magus_magus-iter2,2,1658.3800
ROSE-1000L2,R2,magus_magus-iter3,3,1856.6200
ROSE-1000L2,R2,magus_magus-iter4,4,2007.7600
ROSE-1000L2,R2,muscle,-1,2189.1000
ROSE-1000L2,R2,pasta-iter3,3,1359.2300
ROSE-1000L2,R3,clustalo,-1,636.5500
ROSE-1000L2,R3,mafft,-1,16.0000
ROSE-1000L2,R3,magus_clustalo-iter0,0,21.6500
ROSE-1000L2,R3,magus_clustalo-iter1,1,408.9400
ROSE-1000L2,R3,magus_clustalo-iter2,2,768.5600
ROSE-1000L2,R3,magus_clustalo-iter3,3,1119.9800
ROSE-1000L2,R3,magus_clustalo-iter4,4,1471.0600
ROSE-1000L2,R3,magus_default-iter0,0,514.9600
ROSE-1000L2,R3,magus_default-iter1,1,1133.4200
ROSE-1000L2,R3,magus_magus-iter0,0,729.3900
ROSE-1000L2,R3,magus_magus-iter1,1,869.8000
ROSE-1000L2,R3,magus_magus-iter2,2,1020.5900
ROSE-1000L2,R3,magus_magus-iter3,3,1158.3100
ROSE-1000L2,R3,magus_magus-iter4,4,1268.3000
ROSE-1000L2,R3,muscle,-1,1870.4500
ROSE-1000L2,R3,pasta-iter3,3,984.7700
ROSE-1000L2,R4,clustalo,-1,515.1400
ROSE-1000L2,R4,mafft,-1,17.6300
ROSE-1000L2,R4,magus_clustalo-iter0,0,23.4700
ROSE-1000L2,R4,magus_clustalo-iter1,1,484.5400
ROSE-1000L2,R4,magus_clustalo-iter2,2,902.6000
ROSE-1000L2,R4,magus_clustalo-iter3,3,1358.8900
ROSE-1000L2,R4,magus_clustalo-iter4,4,1758.0700
ROSE-1000L2,R4,magus_default-iter0,0,518.4400
ROSE-1000L2,R4,magus_default-iter1,1,1105.2400
ROSE-1000L2,R4,magus_magus-iter0,0,730.4900
ROSE-1000L2,R4,magus_magus-iter1,1,883.4400
ROSE-1000L2,R4,magus_magus-iter2,2,1043.4700
ROSE-1000L2,R4,magus_magus-iter3,3,1210.0800
ROSE-1000L2,R4,magus_magus-iter4,4,1334.1100
ROSE-1000L2,R4,muscle,-1,2014.7500
ROSE-1000L2,R4,pasta-iter3,3,1183.5300
ROSE-1000L2,R5,clustalo,-1,474.4700
ROSE-1000L2,R5,mafft,-1,16.8200
ROSE-1000L2,R5,magus_clustalo-iter0,0,21.2200
ROSE-1000L2,R5,magus_clustalo-iter1,1,292.2200
ROSE-1000L2,R5,magus_clustalo-iter2,2,550.1800
ROSE-1000L2,R5,magus_clustalo-iter3,3,807.3100
ROSE-1000L2,R5,magus_clustalo-iter4,4,1045.9800
ROSE-1000L2,R5,magus_default-iter0,0,388.6100
ROSE-1000L2,R5,magus_default-iter1,1,969.9700
ROSE-1000L2,R5,magus_magus-iter0,0,726.6000
ROSE-1000L2,R5,magus_magus-iter1,1,1119.3000
ROSE-1000L2,R5,magus_magus-iter2,2,1529.1900
ROSE-1000L2,R5,magus_magus-iter3,3,1922.2900
ROSE-1000L2,R5,magus_magus-iter4,4,2297.9100
ROSE-1000L2,R5,muscle,-1,1927.8500
ROSE-1000L2,R5,pasta-iter3,3,933.0300
ROSE-1000L2,R6,clustalo,-1,340.1600
ROSE-1000L2,R6,mafft,-1,16.3000
ROSE-1000L2,R6,magus_clustalo-iter0,0,21.7500
ROSE-1000L2,R6,magus_clustalo-iter1,1,338.4500
ROSE-1000L2,R6,magus_clustalo-iter2,2,685.0300
ROSE-1000L2,R6,magus_clustalo-iter3,3,999.0800
ROSE-1000L2,R6,magus_clustalo-iter4,4,1280.1600
ROSE-1000L2,R6,magus_default-iter0,0,406.9500
ROSE-1000L2,R6,magus_default-iter1,1,900.1500
ROSE-1000L2,R6,magus_magus-iter0,0,622.8700
ROSE-1000L2,R6,magus_magus-iter1,1,770.6500
ROSE-1000L2,R6,magus_magus-iter2,2,899.7800
ROSE-1000L2,R6,magus_magus-iter3,3,1026.3000
ROSE-1000L2,R6,magus_magus-iter4,4,1131.7500
ROSE-1000L2,R6,muscle,-1,1738.3600
ROSE-1000L2,R6,pasta-iter3,3,1038.9400
ROSE-1000L2,R7,clustalo,-1,385.7400
ROSE-1000L2,R7,mafft,-1,16.1200
ROSE-1000L2,R7,magus_clustalo-iter0,0,21.2500
ROSE-1000L2,R7,magus_clustalo-iter1,1,352.7400
ROSE-1000L2,R7,magus_clustalo-iter2,2,677.7800
ROSE-1000L2,R7,magus_clustalo-iter3,3,997.9900
ROSE-1000L2,R7,magus_clustalo-iter4,4,1289.0200
ROSE-1000L2,R7,magus_default-iter0,0,408.2300
ROSE-1000L2,R7,magus_default-iter1,1,1080.6900
ROSE-1000L2,R7,magus_magus-iter0,0,758.3200
ROSE-1000L2,R7,magus_magus-iter1,1,900.6500
ROSE-1000L2,R7,magus_magus-iter2,2,1018.8700
ROSE-1000L2,R7,magus_magus-iter3,3,1143.3800
ROSE-1000L2,R7,magus_magus-iter4,4,1245.1100
ROSE-1000L2,R7,muscle,-1,1813.9500
ROSE-1000L2,R7,pasta-iter3,3,946.3300
ROSE-1000L2,R8,clustalo,-1,359.4300
ROSE-1000L2,R8,mafft,-1,16.4600
ROSE-1000L2,R8,magus_clustalo-iter0,0,21.5600
ROSE-1000L2,R8,magus_clustalo-iter1,1,330.7800
ROSE-1000L2,R8,magus_clustalo-iter2,2,647.3600
ROSE-1000L2,R8,magus_clustalo-iter3,3,986.0700
ROSE-1000L2,R8,magus_clustalo-iter4,4,1266.4700
ROSE-1000L2,R8,magus_default-iter0,0,417.9700
ROSE-1000L2,R8,magus_default-iter1,1,1181.2900
ROSE-1000L2,R8,magus_magus-iter0,0,866.1600
ROSE-1000L2,R8,magus_magus-iter1,1,1002.6700
ROSE-1000L2,R8,magus_magus-iter2,2,1133.5300
ROSE-1000L2,R8,magus_magus-iter3,3,1261.7000
ROSE-1000L2,R8,magus_magus-iter4,4,1363.6200
ROSE-1000L2,R8,muscle,-1,1824.3100
ROSE-1000L2,R8,pasta-iter3,3,1070.7300
ROSE-1000L2,R9,clustalo,-1,399.0300
ROSE-1000L2,R9,mafft,-1,15.5400
ROSE-1000L2,R9,magus_clustalo-iter0,0,21.4200
ROSE-1000L2,R9,magus_clustalo-iter1,1,508.6300
ROSE-1000L2,R9,magus_clustalo-iter2,2,971.2900
ROSE-1000L2,R9,magus_clustalo-iter3,3,1402.3700
ROSE-1000L2,R9,magus_clustalo-iter4,4,1869.7000
ROSE-1000L2,R9,magus_default-iter0,0,599.3100
ROSE-1000L2,R9,magus_default-iter1,1,1056.9300
ROSE-1000L2,R9,magus_magus-iter0,0,556.6500
ROSE-1000L2,R9,magus_magus-iter1,1,688.4300
ROSE-1000L2,R9,magus_magus-iter2,2,832.0500
ROSE-1000L2,R9,magus_magus-iter3,3,964.8100
ROSE-1000L2,R9,magus_magus-iter4,4,1063.8200
ROSE-1000L2,R9,muscle,-1,1813.0800
ROSE-1000L2,R9,pasta-iter3,3,1082.3300
ROSE-1000L3,R0,clustalo,-1,519.5500
ROSE-1000L3,R0,mafft,-1,18.3700
ROSE-1000L3,R0,magus_clustalo-iter0,0,24.4500
ROSE-1000L3,R0,magus_clustalo-iter1,1,782.0800
ROSE-1000L3,R0,magus_clustalo-iter2,2,1402.7300
ROSE-1000L3,R0,magus_clustalo-iter3,3,2039.6800
ROSE-1000L3,R0,magus_clustalo-iter4,4,2625.8700
ROSE-1000L3,R0,magus_default-iter0,0,838.4400
ROSE-1000L3,R0,magus_default-iter1,1,1645.6400
ROSE-1000L3,R0,magus_magus-iter0,0,956.0700
ROSE-1000L3,R0,magus_magus-iter1,1,1165.6500
ROSE-1000L3,R0,magus_magus-iter2,2,1378.4300
ROSE-1000L3,R0,magus_magus-iter3,3,1573.9500
ROSE-1000L3,R0,magus_magus-iter4,4,1734.8000
ROSE-1000L3,R0,muscle,-1,4047.4800
ROSE-1000L3,R0,pasta-iter3,3,1818.5300
ROSE-1000L3,R1,clustalo,-1,328.3400
ROSE-1000L3,R1,mafft,-1,16.5900
ROSE-1000L3,R1,magus_clustalo-iter0,0,22.5300
ROSE-1000L3,R1,magus_clustalo-iter1,1,494.8400
ROSE-1000L3,R1,magus_clustalo-iter2,2,946.4000
ROSE-1000L3,R1,magus_clustalo-iter3,3,1387.3500
ROSE-1000L3,R1,magus_clustalo-iter4,4,1792.1800
ROSE-1000L3,R1,magus_default-iter0,0,620.7200
ROSE-1000L3,R1,magus_default-iter1,1,1635.3800
ROSE-1000L3,R1,magus_magus-iter0,0,1160.3500
ROSE-1000L3,R1,magus_magus-iter1,1,1363.3000
ROSE-1000L3,R1,magus_magus-iter2,2,1562.6300
ROSE-1000L3,R1,magus_magus-iter3,3,1755.5200
ROSE-1000L3,R1,magus_magus-iter4,4,1893.3500
ROSE-1000L3,R1,muscle,-1,3374.3800
ROSE-1000L3,R1,pasta-iter3,3,1506.2000
ROSE-1000L3,R2,clustalo,-1,419.3600
ROSE-1000L3,R2,mafft,-1,18.3100
ROSE-1000L3,R2,magus_clustalo-iter0,0,23.9600
ROSE-1000L3,R2,magus_clustalo-iter1,1,546.5700
ROSE-1000L3,R2,magus_clustalo-iter2,2,1030.4800
ROSE-1000L3,R2,magus_clustalo-iter3,3,1520.5200
ROSE-1000L3,R2,magus_clustalo-iter4,4,1950.5900
ROSE-1000L3,R2,magus_default-iter0,0,651.4500
ROSE-1000L3,R2,magus_default-iter1,1,1495.3900
ROSE-1000L3,R2,magus_magus-iter0,0,986.0600
ROSE-1000L3,R2,magus_magus-iter1,1,1207.2600
ROSE-1000L3,R2,magus_magus-iter2,2,1456.1300
ROSE-1000L3,R2,magus_magus-iter3,3,1686.1800
ROSE-1000L3,R2,magus_magus-iter4,4,1827.2400
ROSE-1000L3,R2,muscle,-1,2067.6500
ROSE-1000L3,R2,pasta-iter3,3,1473.5900
ROSE-1000L3,R3,clustalo,-1,458.8500
ROSE-1000L3,R3,mafft,-1,16.3600
ROSE-1000L3,R3,magus_clustalo-iter0,0,22.0400
ROSE-1000L3,R3,magus_clustalo-iter1,1,560.4700
ROSE-1000L3,R3,magus_clustalo-iter2,2,1030.1400
ROSE-1000L3,R3,magus_clustalo-iter3,3,1474.8200
ROSE-1000L3,R3,magus_clustalo-iter4,4,1850.4000
ROSE-1000L3,R3,magus_default-iter0,0,570.4300
ROSE-1000L3,R3,magus_default-iter1,1,1580.8900
ROSE-1000L3,R3,magus_magus-iter0,0,1190.5700
ROSE-1000L3,R3,magus_magus-iter1,1,1386.7100
ROSE-1000L3,R3,magus_magus-iter2,2,1565.7400
ROSE-1000L3,R3,magus_magus-iter3,3,1738.7100
ROSE-1000L3,R3,magus_magus-iter4,4,1871.5200
ROSE-1000L3,R3,muscle,-1,1978.9500
ROSE-1000L3,R3,pasta-iter3,3,1548.4800
ROSE-1000L3,R4,clustalo,-1,438.0700
ROSE-1000L3,R4,mafft,-1,17.0400
ROSE-1000L3,R4,magus_clustalo-iter0,0,22.1400
ROSE-1000L3,R4,magus_clustalo-iter1,1,448.7800
ROSE-1000L3,R4,magus_clustalo-iter2,2,815.4200
ROSE-1000L3,R4,magus_clustalo-iter3,3,1181.1000
ROSE-1000L3,R4,magus_clustalo-iter4,4,1485.7000
ROSE-1000L3,R4,magus_default-iter0,0,542.3200
ROSE-1000L3,R4,magus_default-iter1,1,1682.2800
ROSE-1000L3,R4,magus_magus-iter0,0,1277.5700
ROSE-1000L3,R4,magus_magus-iter1,1,1496.4400
ROSE-1000L3,R4,magus_magus-iter2,2,1731.9800
ROSE-1000L3,R4,magus_magus-iter3,3,1986.0100
ROSE-1000L3,R4,magus_magus-iter4,4,2146.3300
ROSE-1000L3,R4,muscle,-1,1984.8800
ROSE-1000L3,R4,pasta-iter3,3,1990.8500
ROSE-1000L3,R5,clustalo,-1,735.7400
ROSE-1000L3,R5,mafft,-1,17.8700
ROSE-1000L3,R5,magus_clustalo-iter0,0,24.2200
ROSE-1000L3,R5,magus_clustalo-iter1,1,785.8100
ROSE-1000L3,R5,magus_clustalo-iter2,2,1416.3200
ROSE-1000L3,R5,magus_clustalo-iter3,3,2047.8800
ROSE-1000L3,R5,magus_clustalo-iter4,4,2559.6100
ROSE-1000L3,R5,magus_default-iter0,0,703.7300
ROSE-1000L3,R5,magus_default-iter1,1,1590.1500
ROSE-1000L3,R5,magus_magus-iter0,0,1115.4700
ROSE-1000L3,R5,magus_magus-iter1,1,1364.0600
ROSE-1000L3,R5,magus_magus-iter2,2,1598.5800
ROSE-1000L3,R5,magus_magus-iter3,3,1847.8900
ROSE-1000L3,R5,magus_magus-iter4,4,2048.9700
ROSE-1000L3,R5,muscle,-1,2220.2700
ROSE-1000L3,R5,pasta-iter3,3,1297.1100
ROSE-1000L3,R6,clustalo,-1,574.6300
ROSE-1000L3,R6,mafft,-1,16.8600
ROSE-1000L3,R6,magus_clustalo-iter0,0,21.4200
ROSE-1000L3,R6,magus_clustalo-iter1,1,401.8500
ROSE-1000L3,R6,magus_clustalo-iter2,2,741.2600
ROSE-1000L3,R6,magus_clustalo-iter3,3,1033.2100
ROSE-1000L3,R6,magus_clustalo-iter4,4,1315.5500
ROSE-1000L3,R6,magus_default-iter0,0,456.1100
ROSE-1000L3,R6,magus_default-iter1,1,1164.7900
ROSE-1000L3,R6,magus_magus-iter0,0,899.0300
ROSE-1000L3,R6,magus_magus-iter1,1,1096.8700
ROSE-1000L3,R6,magus_magus-iter2,2,1296.7300
ROSE-1000L3,R6,magus_magus-iter3,3,1505.9600
ROSE-1000L3,R6,magus_magus-iter4,4,1638.7200
ROSE-1000L3,R6,muscle,-1,2026.3100
ROSE-1000L3,R6,pasta-iter3,3,1675.7100
ROSE-1000L3,R7,clustalo,-1,482.3700
ROSE-1000L3,R7,mafft,-1,17.6700
ROSE-1000L3,R7,magus_clustalo-iter0,0,23.6400
ROSE-1000L3,R7,magus_clustalo-iter1,1,512.8500
ROSE-1000L3,R7,magus_clustalo-iter2,2,933.7500
ROSE-1000L3,R7,magus_clustalo-iter3,3,1350.6000
ROSE-1000L3,R7,magus_clustalo-iter4,4,1707.8700
ROSE-1000L3,R7,magus_default-iter0,0,518.5000
ROSE-1000L3,R7,magus_default-iter1,1,1214.1400
ROSE-1000L3,R7,magus_magus-iter0,0,831.2500
ROSE-1000L3,R7,magus_magus-iter1,1,1024.6000
ROSE-1000L3,R7,magus_magus-iter2,2,1240.4500
ROSE-1000L3,R7,magus_magus-iter3,3,1453.9000
ROSE-1000L3,R7,magus_magus-iter4,4,1578.6900
ROSE-1000L3,R7,muscle,-1,1949.0800
ROSE-1000L3,R7,pasta-iter3,3,1480.4000
ROSE-1000L3,R8,clustalo,-1,691.8600
ROSE-1000L3,R8,mafft,-1,17.8300
ROSE-1000L3,R8,magus_clustalo-iter0,0,23.9900
ROSE-1000L3,R8,magus_clustalo-iter1,1,534.2700
ROSE-1000L3,R8,magus_clustalo-iter2,2,1009.0200
ROSE-1000L3,R8,magus_clustalo-iter3,3,1445.3400
ROSE-1000L3,R8,magus_clustalo-iter4,4,1840.9700
ROSE-1000L3,R8,magus_default-iter0,0,621.4600
ROSE-1000L3,R8,magus_default-iter1,1,1493.1600
ROSE-1000L3,R8,magus_magus-iter0,0,1018.2600
ROSE-1000L3,R8,magus_magus-iter1,1,1265.1700
ROSE-1000L3,R8,magus_magus-iter2,2,1499.6900
ROSE-1000L3,R8,magus_magus-iter3,3,1755.7500
ROSE-1000L3,R8,magus_magus-iter4,4,1917.9400
ROSE-1000L3,R8,muscle,-1,2259.2500
ROSE-1000L3,R8,pasta-iter3,3,1794.2800
ROSE-1000L3,R9,clustalo,-1,376.2700
ROSE-1000L3,R9,mafft,-1,17.8000
ROSE-1000L3,R9,magus_clustalo-iter0,0,23.5100
ROSE-1000L3,R9,magus_clustalo-iter1,1,488.7800
ROSE-1000L3,R9,magus_clustalo-iter2,2,917.9300
ROSE-1000L3,R9,magus_clustalo-iter3,3,1351.1300
ROSE-1000L3,R9,magus_clustalo-iter4,4,1707.7000
ROSE-1000L3,R9,magus_default-iter0,0,533.8000
ROSE-1000L3,R9,magus_default-iter1,1,1120.6600
ROSE-1000L3,R9,magus_magus-iter0,0,724.6800
ROSE-1000L3,R9,magus_magus-iter1,1,932.4800
ROSE-1000L3,R9,magus_magus-iter2,2,1113.1000
ROSE-1000L3,R9,magus_magus-iter3,3,1314.0600
ROSE-1000L3,R9,magus_magus-iter4,4,1444.3900
ROSE-1000L3,R9,muscle,-1,1906.1700
ROSE-1000L3,R9,pasta-iter3,3,1164.4700
ROSE-1000M2,R0,clustalo,-1,526.5300
ROSE-1000M2,R0,mafft,-1,15.7000
ROSE-1000M2,R0,magus_clustalo-iter0,0,21.0400
ROSE-1000M2,R0,magus_clustalo-iter1,1,424.3100
ROSE-1000M2,R0,magus_clustalo-iter2,2,792.5900
ROSE-1000M2,R0,magus_clustalo-iter3,3,1153.6100
ROSE-1000M2,R0,magus_clustalo-iter4,4,1516.9700
ROSE-1000M2,R0,magus_default-iter0,0,523.4100
ROSE-1000M2,R0,magus_default-iter1,1,1516.4300
ROSE-1000M2,R0,magus_magus-iter0,0,1094.7200
ROSE-1000M2,R0,magus_magus-iter1,1,1268.5400
ROSE-1000M2,R0,magus_magus-iter2,2,1424.7800
ROSE-1000M2,R0,magus_magus-iter3,3,1583.9900
ROSE-1000M2,R0,magus_magus-iter4,4,1696.5500
ROSE-1000M2,R0,muscle,-1,3318.8000
ROSE-1000M2,R0,pasta-iter3,3,921.7000
ROSE-1000M2,R1,clustalo,-1,260.2700
ROSE-1000M2,R1,mafft,-1,16.4500
ROSE-1000M2,R1,magus_clustalo-iter0,0,22.4300
ROSE-1000M2,R1,magus_clustalo-iter1,1,587.7400
ROSE-1000M2,R1,magus_clustalo-iter2,2,1076.1400
ROSE-1000M2,R1,magus_clustalo-iter3,3,1596.5100
ROSE-1000M2,R1,magus_clustalo-iter4,4,2056.5000
ROSE-1000M2,R1,magus_default-iter0,0,606.3700
ROSE-1000M2,R1,magus_default-iter1,1,1164.3100
ROSE-1000M2,R1,magus_magus-iter0,0,687.0800
ROSE-1000M2,R1,magus_magus-iter1,1,855.3400
ROSE-1000M2,R1,magus_magus-iter2,2,1020.4000
ROSE-1000M2,R1,magus_magus-iter3,3,1175.9800
ROSE-1000M2,R1,magus_magus-iter4,4,1287.7400
ROSE-1000M2,R1,muscle,-1,1829.9400
ROSE-1000M2,R1,pasta-iter3,3,1560.5300
ROSE-1000M2,R2,clustalo,-1,246.4100
ROSE-1000M2,R2,mafft,-1,15.7300
ROSE-1000M2,R2,magus_clustalo-iter0,0,20.2300
ROSE-1000M2,R2,magus_clustalo-iter1,1,314.2200
ROSE-1000M2,R2,magus_clustalo-iter2,2,555.7600
ROSE-1000M2,R2,magus_clustalo-iter3,3,803.8400
ROSE-1000M2,R2,magus_clustalo-iter4,4,1030.5900
ROSE-1000M2,R2,magus_default-iter0,0,381.6400
ROSE-1000M2,R2,magus_default-iter1,1,969.4800
ROSE-1000M2,R2,magus_magus-iter0,0,713.3900
ROSE-1000M2,R2,magus_magus-iter1,1,860.9800
ROSE-1000M2,R2,magus_magus-iter2,2,1010.0400
ROSE-1000M2,R2,magus_magus-iter3,3,1174.1200
ROSE-1000M2,R2,magus_magus-iter4,4,1285.1800
ROSE-1000M2,R2,muscle,-1,1817.1700
ROSE-1000M2,R2,pasta-iter3,3,923.0200
ROSE-1000M2,R3,clustalo,-1,423.6400
ROSE-1000M2,R3,mafft,-1,16.4400
ROSE-1000M2,R3,magus_clustalo-iter0,0,22.3600
ROSE-1000M2,R3,magus_clustalo-iter1,1,572.4400
ROSE-1000M2,R3,magus_clustalo-iter2,2,1108.4800
ROSE-1000M2,R3,magus_clustalo-iter3,3,1617.8000
ROSE-1000M2,R3,magus_clustalo-iter4,4,2042.9500
ROSE-1000M2,R3,magus_default-iter0,0,574.4500
ROSE-1000M2,R3,magus_default-iter1,1,1374.4700
ROSE-1000M2,R3,magus_magus-iter0,0,919.3400
ROSE-1000M2,R3,magus_magus-iter1,1,1089.1600
ROSE-1000M2,R3,magus_magus-iter2,2,1264.3500
ROSE-1000M2,R3,magus_magus-iter3,3,1451.1500
ROSE-1000M2,R3,magus_magus-iter4,4,1558.2300
ROSE-1000M2,R3,muscle,-1,1695.1500
ROSE-1000M2,R3,pasta-iter3,3,1367.0700
ROSE-1000M2,R4,clustalo,-1,155.2200
ROSE-1000M2,R4,mafft,-1,15.3700
ROSE-1000M2,R4,magus_clustalo-iter0,0,20.5100
ROSE-1000M2,R4,magus_clustalo-iter1,1,415.6200
ROSE-1000M2,R4,magus_clustalo-iter2,2,775.5900
ROSE-1000M2,R4,magus_clustalo-iter3,3,1137.1300
ROSE-1000M2,R4,magus_clustalo-iter4,4,1459.9500
ROSE-1000M2,R4,magus_default-iter0,0,459.6900
ROSE-1000M2,R4,magus_default-iter1,1,1109.0900
ROSE-1000M2,R4,magus_magus-iter0,0,780.4200
ROSE-1000M2,R4,magus_magus-iter1,1,927.3300
ROSE-1000M2,R4,magus_magus-iter2,2,1070.1300
ROSE-1000M2,R4,magus_magus-iter3,3,1203.5600
ROSE-1000M2,R4,magus_magus-iter4,4,1318.8900
ROSE-1000M2,R4,muscle,-1,1612.2100
ROSE-1000M2,R4,pasta-iter3,3,1035.3200
ROSE-1000M2,R5,clustalo,-1,435.3700
ROSE-1000M2,R5,mafft,-1,14.8700
ROSE-1000M2,R5,magus_clustalo-iter0,0,20.8200
ROSE-1000M2,R5,magus_clustalo-iter1,1,592.8700
ROSE-1000M2,R5,magus_clustalo-iter2,2,1150.7500
ROSE-1000M2,R5,magus_clustalo-iter3,3,1678.8100
ROSE-1000M2,R5,magus_clustalo-iter4,4,2157.8300
ROSE-1000M2,R5,magus_default-iter0,0,647.1800
ROSE-1000M2,R5,magus_default-iter1,1,1364.5400
ROSE-1000M2,R5,magus_magus-iter0,0,886.9500
ROSE-1000M2,R5,magus_magus-iter1,1,1059.7000
ROSE-1000M2,R5,magus_magus-iter2,2,1227.0200
ROSE-1000M2,R5,magus_magus-iter3,3,1401.0300
ROSE-1000M2,R5,magus_magus-iter4,4,1511.3200
ROSE-1000M2,R5,muscle,-1,1869.0800
ROSE-1000M2,R5,pasta-iter3,3,1436.8400
ROSE-1000M2,R6,clustalo,-1,307.2700
ROSE-1000M2,R6,mafft,-1,16.3100
ROSE-1000M2,R6,magus_clustalo-iter0,0,21.4000
ROSE-1000M2,R6,magus_clustalo-iter1,1,420.8700
ROSE-1000M2,R6,magus_clustalo-iter2,2,793.3800
ROSE-1000M2,R6,magus_clustalo-iter3,3,1197.8700
ROSE-1000M2,R6,magus_clustalo-iter4,4,1558.5000
ROSE-1000M2,R6,magus_default-iter0,0,494.2300
ROSE-1000M2,R6,magus_default-iter1,1,1103.4900
ROSE-1000M2,R6,magus_magus-iter0,0,706.6500
ROSE-1000M2,R6,magus_magus-iter1,1,851.3700
ROSE-1000M2,R6,magus_magus-iter2,2,1005.7500
ROSE-1000M2,R6,magus_magus-iter3,3,1149.6200
ROSE-1000M2,R6,magus_magus-iter4,4,1270.6300
ROSE-1000M2,R6,muscle,-1,1594.6800
ROSE-1000M2,R6,pasta-iter3,3,881.7000
ROSE-1000M2,R7,clustalo,-1,258.9700
ROSE-1000M2,R7,mafft,-1,13.6800
ROSE-1000M2,R7,magus_clustalo-iter0,0,18.6500
ROSE-1000M2,R7,magus_clustalo-iter1,1,436.4900
ROSE-1000M2,R7,magus_clustalo-iter2,2,866.5300
ROSE-1000M2,R7,magus_clustalo-iter3,3,1263.7100
ROSE-1000M2,R7,magus_clustalo-iter4,4,1606.7800
ROSE-1000M2,R7,magus_default-iter0,0,450.5300
ROSE-1000M2,R7,magus_default-iter1,1,964.2700
ROSE-1000M2,R7,magus_magus-iter0,0,601.4500
ROSE-1000M2,R7,magus_magus-iter1,1,729.0700
ROSE-1000M2,R7,magus_magus-iter2,2,860.1800
ROSE-1000M2,R7,magus_magus-iter3,3,989.9500
ROSE-1000M2,R7,magus_magus-iter4,4,1087.3900
ROSE-1000M2,R7,muscle,-1,1453.9800
ROSE-1000M2,R7,pasta-iter3,3,1034.2200
ROSE-1000M2,R8,clustalo,-1,613.4200
ROSE-1000M2,R8,mafft,-1,17.0500
ROSE-1000M2,R8,magus_clustalo-iter0,0,22.4200
ROSE-1000M2,R8,magus_clustalo-iter1,1,453.5200
ROSE-1000M2,R8,magus_clustalo-iter2,2,869.9400
ROSE-1000M2,R8,magus_clustalo-iter3,3,1270.9200
ROSE-1000M2,R8,magus_clustalo-iter4,4,1643.8300
ROSE-1000M2,R8,magus_default-iter0,0,484.8600
ROSE-1000M2,R8,magus_default-iter1,1,950.9000
ROSE-1000M2,R8,magus_magus-iter0,0,603.9400
ROSE-1000M2,R8,magus_magus-iter1,1,768.4900
ROSE-1000M2,R8,magus_magus-iter2,2,924.3400
ROSE-1000M2,R8,magus_magus-iter3,3,1083.0700
ROSE-1000M2,R8,magus_magus-iter4,4,1196.7500
ROSE-1000M2,R8,muscle,-1,1933.7600
ROSE-1000M2,R8,pasta-iter3,3,1416.9400
ROSE-1000M2,R9,clustalo,-1,388.2900
ROSE-1000M2,R9,mafft,-1,16.1300
ROSE-1000M2,R9,magus_clustalo-iter0,0,21.6700
ROSE-1000M2,R9,magus_clustalo-iter1,1,366.7500
ROSE-1000M2,R9,magus_clustalo-iter2,2,725.2900
ROSE-1000M2,R9,magus_clustalo-iter3,3,1056.2500
ROSE-1000M2,R9,magus_clustalo-iter4,4,1364.1200
ROSE-1000M2,R9,magus_default-iter0,0,446.4700
ROSE-1000M2,R9,magus_default-iter1,1,1247.5300
ROSE-1000M2,R9,magus_magus-iter0,0,962.0900
ROSE-1000M2,R9,magus_magus-iter1,1,1121.3100
ROSE-1000M2,R9,magus_magus-iter2,2,1276.6700
ROSE-1000M2,R9,magus_magus-iter3,3,1438.4500
ROSE-1000M2,R9,magus_magus-iter4,4,1534.9100
ROSE-1000M2,R9,muscle,-1,1727.4800
ROSE-1000M2,R9,pasta-iter3,3,1358.9200
ROSE-1000M3,R0,clustalo,-1,109.6700
ROSE-1000M3,R0,mafft,-1,15.9000
ROSE-1000M3,R0,magus_clustalo-iter0,0,20.3500
ROSE-1000M3,R0,magus_clustalo-iter1,1,314.5800
ROSE-1000M3,R0,magus_clustalo-iter2,2,634.4100
ROSE-1000M3,R0,magus_clustalo-iter3,3,944.8900
ROSE-1000M3,R0,magus_clustalo-iter4,4,1207.7800
ROSE-1000M3,R0,magus_default-iter0,0,377.9400
ROSE-1000M3,R0,magus_default-iter1,1,947.7800
ROSE-1000M3,R0,magus_magus-iter0,0,663.7400
ROSE-1000M3,R0,magus_magus-iter1,1,786.9700
ROSE-1000M3,R0,magus_magus-iter2,2,902.3500
ROSE-1000M3,R0,magus_magus-iter3,3,1021.0500
ROSE-1000M3,R0,magus_magus-iter4,4,1107.2600
ROSE-1000M3,R0,muscle,-1,1758.0700
ROSE-1000M3,R0,pasta-iter3,3,910.0500
ROSE-1000M3,R1,clustalo,-1,92.3200
ROSE-1000M3,R1,mafft,-1,15.1400
ROSE-1000M3,R1,magus_clustalo-iter0,0,18.8900
ROSE-1000M3,R1,magus_clustalo-iter1,1,205.2800
ROSE-1000M3,R1,magus_clustalo-iter2,2,396.2500
ROSE-1000M3,R1,magus_clustalo-iter3,3,594.2300
ROSE-1000M3,R1,magus_clustalo-iter4,4,763.9800
ROSE-1000M3,R1,magus_default-iter0,0,296.9900
ROSE-1000M3,R1,magus_default-iter1,1,974.5100
ROSE-1000M3,R1,magus_magus-iter0,0,789.2500
ROSE-1000M3,R1,magus_magus-iter1,1,901.7500
ROSE-1000M3,R1,magus_magus-iter2,2,1023.1600
ROSE-1000M3,R1,magus_magus-iter3,3,1146.0800
ROSE-1000M3,R1,magus_magus-iter4,4,1229.0000
ROSE-1000M3,R1,muscle,-1,1292.2000
ROSE-1000M3,R1,pasta-iter3,3,884.7300
ROSE-1000M3,R2,clustalo,-1,160.8000
ROSE-1000M3,R2,mafft,-1,16.7100
ROSE-1000M3,R2,magus_clustalo-iter0,0,21.4100
ROSE-1000M3,R2,magus_clustalo-iter1,1,411.3900
ROSE-1000M3,R2,magus_clustalo-iter2,2,796.6700
ROSE-1000M3,R2,magus_clustalo-iter3,3,1177.8400
ROSE-1000M3,R2,magus_clustalo-iter4,4,1521.6100
ROSE-1000M3,R2,magus_default-iter0,0,464.0000
ROSE-1000M3,R2,magus_default-iter1,1,963.1400
ROSE-1000M3,R2,magus_magus-iter0,0,601.2400
ROSE-1000M3,R2,magus_magus-iter1,1,751.2600
ROSE-1000M3,R2,magus_magus-iter2,2,884.7900
ROSE-1000M3,R2,magus_magus-iter3,3,1022.1400
ROSE-1000M3,R2,magus_magus-iter4,4,1125.2300
ROSE-1000M3,R2,muscle,-1,1665.0300
ROSE-1000M3,R2,pasta-iter3,3,1060.1500
ROSE-1000M3,R3,clustalo,-1,237.8000
ROSE-1000M3,R3,mafft,-1,17.8700
ROSE-1000M3,R3,magus_clustalo-iter0,0,21.7400
ROSE-1000M3,R3,magus_clustalo-iter1,1,228.1400
ROSE-1000M3,R3,magus_clustalo-iter2,2,448.0500
ROSE-1000M3,R3,magus_clustalo-iter3,3,657.8700
ROSE-1000M3,R3,magus_clustalo-iter4,4,844.7100
ROSE-1000M3,R3,magus_default-iter0,0,327.6300
ROSE-1000M3,R3,magus_default-iter1,1,1068.8300
ROSE-1000M3,R3,magus_magus-iter0,0,834.0100
ROSE-1000M3,R3,magus_magus-iter1,1,962.0800
ROSE-1000M3,R3,magus_magus-iter2,2,1101.5000
ROSE-1000M3,R3,magus_magus-iter3,3,1239.8100
ROSE-1000M3,R3,magus_magus-iter4,4,1332.7600
ROSE-1000M3,R3,muscle,-1,1523.7000
ROSE-1000M3,R3,pasta-iter3,3,750.3600
ROSE-1000M3,R4,clustalo,-1,101.6100
ROSE-1000M3,R4,mafft,-1,16.6800
ROSE-1000M3,R4,magus_clustalo-iter0,0,21.2200
ROSE-1000M3,R4,magus_clustalo-iter1,1,330.3500
ROSE-1000M3,R4,magus_clustalo-iter2,2,621.2700
ROSE-1000M3,R4,magus_clustalo-iter3,3,935.3800
ROSE-1000M3,R4,magus_clustalo-iter4,4,1204.1600
ROSE-1000M3,R4,magus_default-iter0,0,390.5700
ROSE-1000M3,R4,magus_default-iter1,1,813.3500
ROSE-1000M3,R4,magus_magus-iter0,0,528.2700
ROSE-1000M3,R4,magus_magus-iter1,1,650.1400
ROSE-1000M3,R4,magus_magus-iter2,2,764.0700
ROSE-1000M3,R4,magus_magus-iter3,3,879.2800
ROSE-1000M3,R4,magus_magus-iter4,4,958.9100
ROSE-1000M3,R4,muscle,-1,1422.0100
ROSE-1000M3,R4,pasta-iter3,3,878.2400
ROSE-1000M3,R5,clustalo,-1,174.3500
ROSE-1000M3,R5,mafft,-1,18.5700
ROSE-1000M3,R5,magus_clustalo-iter0,0,23.5400
ROSE-1000M3,R5,magus_clustalo-iter1,1,306.2200
ROSE-1000M3,R5,magus_clustalo-iter2,2,588.2600
ROSE-1000M3,R5,magus_clustalo-iter3,3,875.8500
ROSE-1000M3,R5,magus_clustalo-iter4,4,1102.1700
ROSE-1000M3,R5,magus_default-iter0,0,348.6900
ROSE-1000M3,R5,magus_default-iter1,1,1007.0700
ROSE-1000M3,R5,magus_magus-iter0,0,743.2800
ROSE-1000M3,R5,magus_magus-iter1,1,864.3000
ROSE-1000M3,R5,magus_magus-iter2,2,983.0600
ROSE-1000M3,R5,magus_magus-iter3,3,1095.3400
ROSE-1000M3,R5,magus_magus-iter4,4,1175.9200
ROSE-1000M3,R5,muscle,-1,1455.2200
ROSE-1000M3,R5,pasta-iter3,3,799.6100
ROSE-1000M3,R6,clustalo,-1,253.9500
ROSE-1000M3,R6,mafft,-1,19.0300
ROSE-1000M3,R6,magus_clustalo-iter0,0,23.6400
ROSE-1000M3,R6,magus_clustalo-iter1,1,334.0100
ROSE-1000M3,R6,magus_clustalo-iter2,2,644.7900
ROSE-1000M3,R6,magus_clustalo-iter3,3,924.5800
ROSE-1000M3,R6,magus_clustalo-iter4,4,1179.7100
ROSE-1000M3,R6,magus_default-iter0,0,374.7200
ROSE-1000M3,R6,magus_default-iter1,1,1023.9600
ROSE-1000M3,R6,magus_magus-iter0,0,740.1800
ROSE-1000M3,R6,magus_magus-iter1,1,871.6400
ROSE-1000M3,R6,magus_magus-iter2,2,990.4000
ROSE-1000M3,R6,magus_magus-iter3,3,1118.8300
ROSE-1000M3,R6,magus_magus-iter4,4,1199.8300
ROSE-1000M3,R6,muscle,-1,1518.7700
ROSE-1000M3,R6,pasta-iter3,3,944.4800
ROSE-1000M3,R7,clustalo,-1,243.2600
ROSE-1000M3,R7,mafft,-1,16.3800
ROSE-1000M3,R7,magus_clustalo-iter0,0,21.2900
ROSE-1000M3,R7,magus_clustalo-iter1,1,359.9600
ROSE-1000M3,R7,magus_clustalo-iter2,2,700.7500
ROSE-1000M3,R7,magus_clustalo-iter3,3,1048.1600
ROSE-1000M3,R7,magus_clustalo-iter4,4,1338.5000
ROSE-1000M3,R7,magus_default-iter0,0,447.9800
ROSE-1000M3,R7,magus_default-iter1,1,1181.4400
ROSE-1000M3,R7,magus_magus-iter0,0,835.4700
ROSE-1000M3,R7,magus_magus-iter1,1,964.0600
ROSE-1000M3,R7,magus_magus-iter2,2,1090.5800
ROSE-1000M3,R7,magus_magus-iter3,3,1223.9200
ROSE-1000M3,R7,magus_magus-iter4,4,1317.7800
ROSE-1000M3,R7,muscle,-1,1557.5200
ROSE-1000M3,R7,pasta-iter3,3,1118.7600
ROSE-1000M3,R8,clustalo,-1,215.3200
ROSE-1000M3,R8,mafft,-1,17.3100
ROSE-1000M3,R8,magus_clustalo-iter0,0,22.4500
ROSE-1000M3,R8,magus_clustalo-iter1,1,320.7400
ROSE-1000M3,R8,magus_clustalo-iter2,2,601.1800
ROSE-1000M3,R8,magus_clustalo-iter3,3,887.6700
ROSE-1000M3,R8,magus_clustalo-iter4,4,1154.3700
ROSE-1000M3,R8,magus_default-iter0,0,377.0800
ROSE-1000M3,R8,magus_default-iter1,1,768.6600
ROSE-1000M3,R8,magus_magus-iter0,0,482.0800
ROSE-1000M3,R8,magus_magus-iter1,1,598.4900
ROSE-1000M3,R8,magus_magus-iter2,2,717.6400
ROSE-1000M3,R8,magus_magus-iter3,3,834.5800
ROSE-1000M3,R8,magus_magus-iter4,4,917.8000
ROSE-1000M3,R8,muscle,-1,1399.8700
ROSE-1000M3,R8,pasta-iter3,3,870.0200
ROSE-1000M3,R9,clustalo,-1,222.3600
ROSE-1000M3,R9,mafft,-1,19.1800
ROSE-1000M3,R9,magus_clustalo-iter0,0,23.0900
ROSE-1000M3,R9,magus_clustalo-iter1,1,242.2800
ROSE-1000M3,R9,magus_clustalo-iter2,2,455.2300
ROSE-1000M3,R9,magus_clustalo-iter3,3,646.3000
ROSE-1000M3,R9,magus_clustalo-iter4,4,833.8500
ROSE-1000M3,R9,magus_default-iter0,0,293.3800
ROSE-1000M3,R9,magus_default-iter1,1,731.6400
ROSE-1000M3,R9,magus_magus-iter0,0,520.9500
ROSE-1000M3,R9,magus_magus-iter1,1,641.4600
ROSE-1000M3,R9,magus_magus-iter2,2,767.0200
ROSE-1000M3,R9,magus_magus-iter3,3,889.8200
ROSE-1000M3,R9,magus_magus-iter4,4,982.3000
ROSE-1000M3,R9,muscle,-1,1569.1800
ROSE-1000M3,R9,pasta-iter3,3,1089.7200
